Project ID,File Name,Row Count,Column Count,Missing modified_peptide,Missing isolation_target,% Missing modified_peptide,% Missing isolation_target,Columns
PXD026629,20180904YLJ-VSV4h-02.ipc,13878,27,1908,2792,13.75,20.12,"['index', 'scan', 'header', 'rt', 'frag_type', 'collision_energy', 'precursor_mz', 'precursor_charge', 'precursor_intensity', 'lower_offset', 'upper_offset', 'isolation_target', 'mz', 'intensity', 'scale_factor', 'peptide', 'modified_peptide', 'peptide_observed_mz', 'peptide_calc_mz', 'delta_mass', 'retention', 'expectation', 'hyperscore', 'nextscore', 'probability', 'auc_intensity', 'protein']"
PXD026629,20180904YLJ-VSV0h-03.ipc,14151,27,1702,3025,12.03,21.38,"['index', 'scan', 'header', 'rt', 'frag_type', 'collision_energy', 'precursor_mz', 'precursor_charge', 'precursor_intensity', 'lower_offset', 'upper_offset', 'isolation_target', 'mz', 'intensity', 'scale_factor', 'peptide', 'modified_peptide', 'peptide_observed_mz', 'peptide_calc_mz', 'delta_mass', 'retention', 'expectation', 'hyperscore', 'nextscore', 'probability', 'auc_intensity', 'protein']"
PXD026629,20180831YLJ-H6h-01.ipc,13300,27,1014,2126,7.62,15.98,"['index', 'scan', 'header', 'rt', 'frag_type', 'collision_energy', 'precursor_mz', 'precursor_charge', 'precursor_intensity', 'lower_offset', 'upper_offset', 'isolation_target', 'mz', 'intensity', 'scale_factor', 'peptide', 'modified_peptide', 'peptide_observed_mz', 'peptide_calc_mz', 'delta_mass', 'retention', 'expectation', 'hyperscore', 'nextscore', 'probability', 'auc_intensity', 'protein']"
PXD026629,20180831YLJ-H6h-02.ipc,13363,27,996,2341,7.45,17.52,"['index', 'scan', 'header', 'rt', 'frag_type', 'collision_energy', 'precursor_mz', 'precursor_charge', 'precursor_intensity', 'lower_offset', 'upper_offset', 'isolation_target', 'mz', 'intensity', 'scale_factor', 'peptide', 'modified_peptide', 'peptide_observed_mz', 'peptide_calc_mz', 'delta_mass', 'retention', 'expectation', 'hyperscore', 'nextscore', 'probability', 'auc_intensity', 'protein']"
PXD026629,YangLuJie-LPS4h-2.ipc,12159,27,1444,2338,11.88,19.23,"['index', 'scan', 'header', 'rt', 'frag_type', 'collision_energy', 'precursor_mz', 'precursor_charge', 'precursor_intensity', 'lower_offset', 'upper_offset', 'isolation_target', 'mz', 'intensity', 'scale_factor', 'peptide', 'modified_peptide', 'peptide_observed_mz', 'peptide_calc_mz', 'delta_mass', 'retention', 'expectation', 'hyperscore', 'nextscore', 'probability', 'auc_intensity', 'protein']"
PXD026629,20180831YLJ-H4h-02.ipc,14832,27,1096,2468,7.39,16.64,"['index', 'scan', 'header', 'rt', 'frag_type', 'collision_energy', 'precursor_mz', 'precursor_charge', 'precursor_intensity', 'lower_offset', 'upper_offset', 'isolation_target', 'mz', 'intensity', 'scale_factor', 'peptide', 'modified_peptide', 'peptide_observed_mz', 'peptide_calc_mz', 'delta_mass', 'retention', 'expectation', 'hyperscore', 'nextscore', 'probability', 'auc_intensity', 'protein']"
PXD026629,20180904YLJ-VSV6h-01.ipc,14598,27,2067,3332,14.16,22.83,"['index', 'scan', 'header', 'rt', 'frag_type', 'collision_energy', 'precursor_mz', 'precursor_charge', 'precursor_intensity', 'lower_offset', 'upper_offset', 'isolation_target', 'mz', 'intensity', 'scale_factor', 'peptide', 'modified_peptide', 'peptide_observed_mz', 'peptide_calc_mz', 'delta_mass', 'retention', 'expectation', 'hyperscore', 'nextscore', 'probability', 'auc_intensity', 'protein']"
PXD026629,YangLuJie-LPS8h-2.ipc,13334,27,1700,2329,12.75,17.47,"['index', 'scan', 'header', 'rt', 'frag_type', 'collision_energy', 'precursor_mz', 'precursor_charge', 'precursor_intensity', 'lower_offset', 'upper_offset', 'isolation_target', 'mz', 'intensity', 'scale_factor', 'peptide', 'modified_peptide', 'peptide_observed_mz', 'peptide_calc_mz', 'delta_mass', 'retention', 'expectation', 'hyperscore', 'nextscore', 'probability', 'auc_intensity', 'protein']"
PXD026629,20180831YLJ-H0h-01.ipc,14194,27,1359,2361,9.57,16.63,"['index', 'scan', 'header', 'rt', 'frag_type', 'collision_energy', 'precursor_mz', 'precursor_charge', 'precursor_intensity', 'lower_offset', 'upper_offset', 'isolation_target', 'mz', 'intensity', 'scale_factor', 'peptide', 'modified_peptide', 'peptide_observed_mz', 'peptide_calc_mz', 'delta_mass', 'retention', 'expectation', 'hyperscore', 'nextscore', 'probability', 'auc_intensity', 'protein']"
PXD026629,YangLuJie-M0-3.ipc,15028,27,1957,2593,13.02,17.25,"['index', 'scan', 'header', 'rt', 'frag_type', 'collision_energy', 'precursor_mz', 'precursor_charge', 'precursor_intensity', 'lower_offset', 'upper_offset', 'isolation_target', 'mz', 'intensity', 'scale_factor', 'peptide', 'modified_peptide', 'peptide_observed_mz', 'peptide_calc_mz', 'delta_mass', 'retention', 'expectation', 'hyperscore', 'nextscore', 'probability', 'auc_intensity', 'protein']"
PXD026629,20180904YLJ-VSV4h-03.ipc,14910,27,1858,3286,12.46,22.04,"['index', 'scan', 'header', 'rt', 'frag_type', 'collision_energy', 'precursor_mz', 'precursor_charge', 'precursor_intensity', 'lower_offset', 'upper_offset', 'isolation_target', 'mz', 'intensity', 'scale_factor', 'peptide', 'modified_peptide', 'peptide_observed_mz', 'peptide_calc_mz', 'delta_mass', 'retention', 'expectation', 'hyperscore', 'nextscore', 'probability', 'auc_intensity', 'protein']"
PXD026629,YangLuJie-M0-1.ipc,14890,27,2039,2558,13.69,17.18,"['index', 'scan', 'header', 'rt', 'frag_type', 'collision_energy', 'precursor_mz', 'precursor_charge', 'precursor_intensity', 'lower_offset', 'upper_offset', 'isolation_target', 'mz', 'intensity', 'scale_factor', 'peptide', 'modified_peptide', 'peptide_observed_mz', 'peptide_calc_mz', 'delta_mass', 'retention', 'expectation', 'hyperscore', 'nextscore', 'probability', 'auc_intensity', 'protein']"
PXD026629,YangLuJie-LPS4h-3.ipc,12230,27,1515,2348,12.39,19.2,"['index', 'scan', 'header', 'rt', 'frag_type', 'collision_energy', 'precursor_mz', 'precursor_charge', 'precursor_intensity', 'lower_offset', 'upper_offset', 'isolation_target', 'mz', 'intensity', 'scale_factor', 'peptide', 'modified_peptide', 'peptide_observed_mz', 'peptide_calc_mz', 'delta_mass', 'retention', 'expectation', 'hyperscore', 'nextscore', 'probability', 'auc_intensity', 'protein']"
PXD026629,20180831YLJ-H0h-02.ipc,13881,27,1301,2280,9.37,16.43,"['index', 'scan', 'header', 'rt', 'frag_type', 'collision_energy', 'precursor_mz', 'precursor_charge', 'precursor_intensity', 'lower_offset', 'upper_offset', 'isolation_target', 'mz', 'intensity', 'scale_factor', 'peptide', 'modified_peptide', 'peptide_observed_mz', 'peptide_calc_mz', 'delta_mass', 'retention', 'expectation', 'hyperscore', 'nextscore', 'probability', 'auc_intensity', 'protein']"
PXD026629,20180904YLJ-VSV0h-01.ipc,14621,27,1797,3023,12.29,20.68,"['index', 'scan', 'header', 'rt', 'frag_type', 'collision_energy', 'precursor_mz', 'precursor_charge', 'precursor_intensity', 'lower_offset', 'upper_offset', 'isolation_target', 'mz', 'intensity', 'scale_factor', 'peptide', 'modified_peptide', 'peptide_observed_mz', 'peptide_calc_mz', 'delta_mass', 'retention', 'expectation', 'hyperscore', 'nextscore', 'probability', 'auc_intensity', 'protein']"
PXD026629,20180831YLJ-H4h-01.ipc,15007,27,1152,2312,7.68,15.41,"['index', 'scan', 'header', 'rt', 'frag_type', 'collision_energy', 'precursor_mz', 'precursor_charge', 'precursor_intensity', 'lower_offset', 'upper_offset', 'isolation_target', 'mz', 'intensity', 'scale_factor', 'peptide', 'modified_peptide', 'peptide_observed_mz', 'peptide_calc_mz', 'delta_mass', 'retention', 'expectation', 'hyperscore', 'nextscore', 'probability', 'auc_intensity', 'protein']"
PXD026629,20180904YLJ-VSV6h-02.ipc,14792,27,2041,3308,13.8,22.36,"['index', 'scan', 'header', 'rt', 'frag_type', 'collision_energy', 'precursor_mz', 'precursor_charge', 'precursor_intensity', 'lower_offset', 'upper_offset', 'isolation_target', 'mz', 'intensity', 'scale_factor', 'peptide', 'modified_peptide', 'peptide_observed_mz', 'peptide_calc_mz', 'delta_mass', 'retention', 'expectation', 'hyperscore', 'nextscore', 'probability', 'auc_intensity', 'protein']"
PXD026629,YangLuJie-LPS4h-1.ipc,14521,27,1583,2182,10.9,15.03,"['index', 'scan', 'header', 'rt', 'frag_type', 'collision_energy', 'precursor_mz', 'precursor_charge', 'precursor_intensity', 'lower_offset', 'upper_offset', 'isolation_target', 'mz', 'intensity', 'scale_factor', 'peptide', 'modified_peptide', 'peptide_observed_mz', 'peptide_calc_mz', 'delta_mass', 'retention', 'expectation', 'hyperscore', 'nextscore', 'probability', 'auc_intensity', 'protein']"
PXD026629,YangLuJie-LPS8h-3.ipc,12423,27,1574,2303,12.67,18.54,"['index', 'scan', 'header', 'rt', 'frag_type', 'collision_energy', 'precursor_mz', 'precursor_charge', 'precursor_intensity', 'lower_offset', 'upper_offset', 'isolation_target', 'mz', 'intensity', 'scale_factor', 'peptide', 'modified_peptide', 'peptide_observed_mz', 'peptide_calc_mz', 'delta_mass', 'retention', 'expectation', 'hyperscore', 'nextscore', 'probability', 'auc_intensity', 'protein']"
PXD026629,20180904YLJ-VSV6h-03.ipc,14402,27,2034,3137,14.12,21.78,"['index', 'scan', 'header', 'rt', 'frag_type', 'collision_energy', 'precursor_mz', 'precursor_charge', 'precursor_intensity', 'lower_offset', 'upper_offset', 'isolation_target', 'mz', 'intensity', 'scale_factor', 'peptide', 'modified_peptide', 'peptide_observed_mz', 'peptide_calc_mz', 'delta_mass', 'retention', 'expectation', 'hyperscore', 'nextscore', 'probability', 'auc_intensity', 'protein']"
PXD026629,20180831YLJ-H4h-03.ipc,14798,27,1057,2541,7.14,17.17,"['index', 'scan', 'header', 'rt', 'frag_type', 'collision_energy', 'precursor_mz', 'precursor_charge', 'precursor_intensity', 'lower_offset', 'upper_offset', 'isolation_target', 'mz', 'intensity', 'scale_factor', 'peptide', 'modified_peptide', 'peptide_observed_mz', 'peptide_calc_mz', 'delta_mass', 'retention', 'expectation', 'hyperscore', 'nextscore', 'probability', 'auc_intensity', 'protein']"
PXD026629,YangLuJie-M0-2.ipc,14073,27,1923,2296,13.66,16.31,"['index', 'scan', 'header', 'rt', 'frag_type', 'collision_energy', 'precursor_mz', 'precursor_charge', 'precursor_intensity', 'lower_offset', 'upper_offset', 'isolation_target', 'mz', 'intensity', 'scale_factor', 'peptide', 'modified_peptide', 'peptide_observed_mz', 'peptide_calc_mz', 'delta_mass', 'retention', 'expectation', 'hyperscore', 'nextscore', 'probability', 'auc_intensity', 'protein']"
PXD026629,20180831YLJ-H0h-03.ipc,14284,27,1278,2402,8.95,16.82,"['index', 'scan', 'header', 'rt', 'frag_type', 'collision_energy', 'precursor_mz', 'precursor_charge', 'precursor_intensity', 'lower_offset', 'upper_offset', 'isolation_target', 'mz', 'intensity', 'scale_factor', 'peptide', 'modified_peptide', 'peptide_observed_mz', 'peptide_calc_mz', 'delta_mass', 'retention', 'expectation', 'hyperscore', 'nextscore', 'probability', 'auc_intensity', 'protein']"
PXD026629,20180904YLJ-VSV0h-02.ipc,15326,27,1860,3258,12.14,21.26,"['index', 'scan', 'header', 'rt', 'frag_type', 'collision_energy', 'precursor_mz', 'precursor_charge', 'precursor_intensity', 'lower_offset', 'upper_offset', 'isolation_target', 'mz', 'intensity', 'scale_factor', 'peptide', 'modified_peptide', 'peptide_observed_mz', 'peptide_calc_mz', 'delta_mass', 'retention', 'expectation', 'hyperscore', 'nextscore', 'probability', 'auc_intensity', 'protein']"
PXD026629,YangLuJie-LPS8h-1.ipc,14059,27,1642,2366,11.68,16.83,"['index', 'scan', 'header', 'rt', 'frag_type', 'collision_energy', 'precursor_mz', 'precursor_charge', 'precursor_intensity', 'lower_offset', 'upper_offset', 'isolation_target', 'mz', 'intensity', 'scale_factor', 'peptide', 'modified_peptide', 'peptide_observed_mz', 'peptide_calc_mz', 'delta_mass', 'retention', 'expectation', 'hyperscore', 'nextscore', 'probability', 'auc_intensity', 'protein']"
PXD026629,20180904YLJ-VSV4h-01.ipc,14647,27,1896,3284,12.94,22.42,"['index', 'scan', 'header', 'rt', 'frag_type', 'collision_energy', 'precursor_mz', 'precursor_charge', 'precursor_intensity', 'lower_offset', 'upper_offset', 'isolation_target', 'mz', 'intensity', 'scale_factor', 'peptide', 'modified_peptide', 'peptide_observed_mz', 'peptide_calc_mz', 'delta_mass', 'retention', 'expectation', 'hyperscore', 'nextscore', 'probability', 'auc_intensity', 'protein']"
PXD026629,20180831YLJ-H6h-03.ipc,13756,27,1007,2344,7.32,17.04,"['index', 'scan', 'header', 'rt', 'frag_type', 'collision_energy', 'precursor_mz', 'precursor_charge', 'precursor_intensity', 'lower_offset', 'upper_offset', 'isolation_target', 'mz', 'intensity', 'scale_factor', 'peptide', 'modified_peptide', 'peptide_observed_mz', 'peptide_calc_mz', 'delta_mass', 'retention', 'expectation', 'hyperscore', 'nextscore', 'probability', 'auc_intensity', 'protein']"
PXD031032,MouseKidney-Z-T-2.ipc,15611,27,2541,3036,16.28,19.45,"['index', 'scan', 'header', 'rt', 'frag_type', 'collision_energy', 'precursor_mz', 'precursor_charge', 'precursor_intensity', 'lower_offset', 'upper_offset', 'isolation_target', 'mz', 'intensity', 'scale_factor', 'peptide', 'modified_peptide', 'peptide_observed_mz', 'peptide_calc_mz', 'delta_mass', 'retention', 'expectation', 'hyperscore', 'nextscore', 'probability', 'auc_intensity', 'protein']"
PXD031032,MouseLung-Z-T-2.ipc,11912,27,1667,2802,13.99,23.52,"['index', 'scan', 'header', 'rt', 'frag_type', 'collision_energy', 'precursor_mz', 'precursor_charge', 'precursor_intensity', 'lower_offset', 'upper_offset', 'isolation_target', 'mz', 'intensity', 'scale_factor', 'peptide', 'modified_peptide', 'peptide_observed_mz', 'peptide_calc_mz', 'delta_mass', 'retention', 'expectation', 'hyperscore', 'nextscore', 'probability', 'auc_intensity', 'protein']"
PXD031032,MouseLung-Z-T-5.ipc,9973,27,1290,2426,12.93,24.33,"['index', 'scan', 'header', 'rt', 'frag_type', 'collision_energy', 'precursor_mz', 'precursor_charge', 'precursor_intensity', 'lower_offset', 'upper_offset', 'isolation_target', 'mz', 'intensity', 'scale_factor', 'peptide', 'modified_peptide', 'peptide_observed_mz', 'peptide_calc_mz', 'delta_mass', 'retention', 'expectation', 'hyperscore', 'nextscore', 'probability', 'auc_intensity', 'protein']"
PXD031032,MouseHeart-Z-T-4.ipc,19247,27,9850,5144,51.18,26.73,"['index', 'scan', 'header', 'rt', 'frag_type', 'collision_energy', 'precursor_mz', 'precursor_charge', 'precursor_intensity', 'lower_offset', 'upper_offset', 'isolation_target', 'mz', 'intensity', 'scale_factor', 'peptide', 'modified_peptide', 'peptide_observed_mz', 'peptide_calc_mz', 'delta_mass', 'retention', 'expectation', 'hyperscore', 'nextscore', 'probability', 'auc_intensity', 'protein']"
PXD031032,MouseLiver-Z-T-5.ipc,9156,27,1485,1716,16.22,18.74,"['index', 'scan', 'header', 'rt', 'frag_type', 'collision_energy', 'precursor_mz', 'precursor_charge', 'precursor_intensity', 'lower_offset', 'upper_offset', 'isolation_target', 'mz', 'intensity', 'scale_factor', 'peptide', 'modified_peptide', 'peptide_observed_mz', 'peptide_calc_mz', 'delta_mass', 'retention', 'expectation', 'hyperscore', 'nextscore', 'probability', 'auc_intensity', 'protein']"
PXD031032,LZ-20200428-Chen-ACE2-Glypep-KRc-AV5pmol.ipc,223,27,196,199,87.89,89.24,"['index', 'scan', 'header', 'rt', 'frag_type', 'collision_energy', 'precursor_mz', 'precursor_charge', 'precursor_intensity', 'lower_offset', 'upper_offset', 'isolation_target', 'mz', 'intensity', 'scale_factor', 'peptide', 'modified_peptide', 'peptide_observed_mz', 'peptide_calc_mz', 'delta_mass', 'retention', 'expectation', 'hyperscore', 'nextscore', 'probability', 'auc_intensity', 'protein']"
PXD031032,MouseBrain-Z-T-3.ipc,9743,27,1597,2036,16.39,20.9,"['index', 'scan', 'header', 'rt', 'frag_type', 'collision_energy', 'precursor_mz', 'precursor_charge', 'precursor_intensity', 'lower_offset', 'upper_offset', 'isolation_target', 'mz', 'intensity', 'scale_factor', 'peptide', 'modified_peptide', 'peptide_observed_mz', 'peptide_calc_mz', 'delta_mass', 'retention', 'expectation', 'hyperscore', 'nextscore', 'probability', 'auc_intensity', 'protein']"
PXD031032,MouseBrain-Z-T-4.ipc,9896,27,1576,2098,15.93,21.2,"['index', 'scan', 'header', 'rt', 'frag_type', 'collision_energy', 'precursor_mz', 'precursor_charge', 'precursor_intensity', 'lower_offset', 'upper_offset', 'isolation_target', 'mz', 'intensity', 'scale_factor', 'peptide', 'modified_peptide', 'peptide_observed_mz', 'peptide_calc_mz', 'delta_mass', 'retention', 'expectation', 'hyperscore', 'nextscore', 'probability', 'auc_intensity', 'protein']"
PXD031032,MouseKidney-Z-T-4.ipc,16178,27,2661,3168,16.45,19.58,"['index', 'scan', 'header', 'rt', 'frag_type', 'collision_energy', 'precursor_mz', 'precursor_charge', 'precursor_intensity', 'lower_offset', 'upper_offset', 'isolation_target', 'mz', 'intensity', 'scale_factor', 'peptide', 'modified_peptide', 'peptide_observed_mz', 'peptide_calc_mz', 'delta_mass', 'retention', 'expectation', 'hyperscore', 'nextscore', 'probability', 'auc_intensity', 'protein']"
PXD031032,MouseKidney-Z-T-1.ipc,16213,27,2750,3221,16.96,19.87,"['index', 'scan', 'header', 'rt', 'frag_type', 'collision_energy', 'precursor_mz', 'precursor_charge', 'precursor_intensity', 'lower_offset', 'upper_offset', 'isolation_target', 'mz', 'intensity', 'scale_factor', 'peptide', 'modified_peptide', 'peptide_observed_mz', 'peptide_calc_mz', 'delta_mass', 'retention', 'expectation', 'hyperscore', 'nextscore', 'probability', 'auc_intensity', 'protein']"
PXD031032,cwq_mix2-2_726.ipc,395,27,383,86,96.96,21.77,"['index', 'scan', 'header', 'rt', 'frag_type', 'collision_energy', 'precursor_mz', 'precursor_charge', 'precursor_intensity', 'lower_offset', 'upper_offset', 'isolation_target', 'mz', 'intensity', 'scale_factor', 'peptide', 'modified_peptide', 'peptide_observed_mz', 'peptide_calc_mz', 'delta_mass', 'retention', 'expectation', 'hyperscore', 'nextscore', 'probability', 'auc_intensity', 'protein']"
PXD031032,MouseLung-Z-T-1.ipc,9550,27,1397,2221,14.63,23.26,"['index', 'scan', 'header', 'rt', 'frag_type', 'collision_energy', 'precursor_mz', 'precursor_charge', 'precursor_intensity', 'lower_offset', 'upper_offset', 'isolation_target', 'mz', 'intensity', 'scale_factor', 'peptide', 'modified_peptide', 'peptide_observed_mz', 'peptide_calc_mz', 'delta_mass', 'retention', 'expectation', 'hyperscore', 'nextscore', 'probability', 'auc_intensity', 'protein']"
PXD031032,MouseKidney-Z-T-3.ipc,16716,27,2823,3140,16.89,18.78,"['index', 'scan', 'header', 'rt', 'frag_type', 'collision_energy', 'precursor_mz', 'precursor_charge', 'precursor_intensity', 'lower_offset', 'upper_offset', 'isolation_target', 'mz', 'intensity', 'scale_factor', 'peptide', 'modified_peptide', 'peptide_observed_mz', 'peptide_calc_mz', 'delta_mass', 'retention', 'expectation', 'hyperscore', 'nextscore', 'probability', 'auc_intensity', 'protein']"
PXD031032,MouseLiver-Z-T-1.ipc,9349,27,1535,1611,16.42,17.23,"['index', 'scan', 'header', 'rt', 'frag_type', 'collision_energy', 'precursor_mz', 'precursor_charge', 'precursor_intensity', 'lower_offset', 'upper_offset', 'isolation_target', 'mz', 'intensity', 'scale_factor', 'peptide', 'modified_peptide', 'peptide_observed_mz', 'peptide_calc_mz', 'delta_mass', 'retention', 'expectation', 'hyperscore', 'nextscore', 'probability', 'auc_intensity', 'protein']"
PXD031032,MouseLiver-Z-T-3.ipc,9245,27,1569,1847,16.97,19.98,"['index', 'scan', 'header', 'rt', 'frag_type', 'collision_energy', 'precursor_mz', 'precursor_charge', 'precursor_intensity', 'lower_offset', 'upper_offset', 'isolation_target', 'mz', 'intensity', 'scale_factor', 'peptide', 'modified_peptide', 'peptide_observed_mz', 'peptide_calc_mz', 'delta_mass', 'retention', 'expectation', 'hyperscore', 'nextscore', 'probability', 'auc_intensity', 'protein']"
PXD031032,cwq_mix2-1_726.ipc,370,27,360,74,97.3,20.0,"['index', 'scan', 'header', 'rt', 'frag_type', 'collision_energy', 'precursor_mz', 'precursor_charge', 'precursor_intensity', 'lower_offset', 'upper_offset', 'isolation_target', 'mz', 'intensity', 'scale_factor', 'peptide', 'modified_peptide', 'peptide_observed_mz', 'peptide_calc_mz', 'delta_mass', 'retention', 'expectation', 'hyperscore', 'nextscore', 'probability', 'auc_intensity', 'protein']"
PXD031032,MouseLiver-Z-T-4.ipc,8197,27,1410,1416,17.2,17.27,"['index', 'scan', 'header', 'rt', 'frag_type', 'collision_energy', 'precursor_mz', 'precursor_charge', 'precursor_intensity', 'lower_offset', 'upper_offset', 'isolation_target', 'mz', 'intensity', 'scale_factor', 'peptide', 'modified_peptide', 'peptide_observed_mz', 'peptide_calc_mz', 'delta_mass', 'retention', 'expectation', 'hyperscore', 'nextscore', 'probability', 'auc_intensity', 'protein']"
PXD031032,MouseHeart-Z-T-3.ipc,19016,27,9811,4959,51.59,26.08,"['index', 'scan', 'header', 'rt', 'frag_type', 'collision_energy', 'precursor_mz', 'precursor_charge', 'precursor_intensity', 'lower_offset', 'upper_offset', 'isolation_target', 'mz', 'intensity', 'scale_factor', 'peptide', 'modified_peptide', 'peptide_observed_mz', 'peptide_calc_mz', 'delta_mass', 'retention', 'expectation', 'hyperscore', 'nextscore', 'probability', 'auc_intensity', 'protein']"
PXD031032,MouseBrain-Z-T-5.ipc,10084,27,1543,2200,15.3,21.82,"['index', 'scan', 'header', 'rt', 'frag_type', 'collision_energy', 'precursor_mz', 'precursor_charge', 'precursor_intensity', 'lower_offset', 'upper_offset', 'isolation_target', 'mz', 'intensity', 'scale_factor', 'peptide', 'modified_peptide', 'peptide_observed_mz', 'peptide_calc_mz', 'delta_mass', 'retention', 'expectation', 'hyperscore', 'nextscore', 'probability', 'auc_intensity', 'protein']"
PXD031032,MouseHeart-Z-T-5.ipc,14998,27,8064,3577,53.77,23.85,"['index', 'scan', 'header', 'rt', 'frag_type', 'collision_energy', 'precursor_mz', 'precursor_charge', 'precursor_intensity', 'lower_offset', 'upper_offset', 'isolation_target', 'mz', 'intensity', 'scale_factor', 'peptide', 'modified_peptide', 'peptide_observed_mz', 'peptide_calc_mz', 'delta_mass', 'retention', 'expectation', 'hyperscore', 'nextscore', 'probability', 'auc_intensity', 'protein']"
PXD031032,MouseBrain-Z-T-2.ipc,9495,27,1918,1992,20.2,20.98,"['index', 'scan', 'header', 'rt', 'frag_type', 'collision_energy', 'precursor_mz', 'precursor_charge', 'precursor_intensity', 'lower_offset', 'upper_offset', 'isolation_target', 'mz', 'intensity', 'scale_factor', 'peptide', 'modified_peptide', 'peptide_observed_mz', 'peptide_calc_mz', 'delta_mass', 'retention', 'expectation', 'hyperscore', 'nextscore', 'probability', 'auc_intensity', 'protein']"
PXD031032,MouseLung-Z-T-4.ipc,11088,27,1611,2644,14.53,23.85,"['index', 'scan', 'header', 'rt', 'frag_type', 'collision_energy', 'precursor_mz', 'precursor_charge', 'precursor_intensity', 'lower_offset', 'upper_offset', 'isolation_target', 'mz', 'intensity', 'scale_factor', 'peptide', 'modified_peptide', 'peptide_observed_mz', 'peptide_calc_mz', 'delta_mass', 'retention', 'expectation', 'hyperscore', 'nextscore', 'probability', 'auc_intensity', 'protein']"
PXD031032,MouseHeart-Z-T-1.ipc,7958,27,2870,2462,36.06,30.94,"['index', 'scan', 'header', 'rt', 'frag_type', 'collision_energy', 'precursor_mz', 'precursor_charge', 'precursor_intensity', 'lower_offset', 'upper_offset', 'isolation_target', 'mz', 'intensity', 'scale_factor', 'peptide', 'modified_peptide', 'peptide_observed_mz', 'peptide_calc_mz', 'delta_mass', 'retention', 'expectation', 'hyperscore', 'nextscore', 'probability', 'auc_intensity', 'protein']"
PXD031032,cwq_mix2-3_726.ipc,344,27,329,77,95.64,22.38,"['index', 'scan', 'header', 'rt', 'frag_type', 'collision_energy', 'precursor_mz', 'precursor_charge', 'precursor_intensity', 'lower_offset', 'upper_offset', 'isolation_target', 'mz', 'intensity', 'scale_factor', 'peptide', 'modified_peptide', 'peptide_observed_mz', 'peptide_calc_mz', 'delta_mass', 'retention', 'expectation', 'hyperscore', 'nextscore', 'probability', 'auc_intensity', 'protein']"
PXD031032,MouseLung-Z-T-3.ipc,10706,27,1565,2450,14.62,22.88,"['index', 'scan', 'header', 'rt', 'frag_type', 'collision_energy', 'precursor_mz', 'precursor_charge', 'precursor_intensity', 'lower_offset', 'upper_offset', 'isolation_target', 'mz', 'intensity', 'scale_factor', 'peptide', 'modified_peptide', 'peptide_observed_mz', 'peptide_calc_mz', 'delta_mass', 'retention', 'expectation', 'hyperscore', 'nextscore', 'probability', 'auc_intensity', 'protein']"
PXD031032,MouseHeart-Z-T-2.ipc,16331,27,8640,4379,52.91,26.81,"['index', 'scan', 'header', 'rt', 'frag_type', 'collision_energy', 'precursor_mz', 'precursor_charge', 'precursor_intensity', 'lower_offset', 'upper_offset', 'isolation_target', 'mz', 'intensity', 'scale_factor', 'peptide', 'modified_peptide', 'peptide_observed_mz', 'peptide_calc_mz', 'delta_mass', 'retention', 'expectation', 'hyperscore', 'nextscore', 'probability', 'auc_intensity', 'protein']"
PXD031032,MouseLiver-Z-T-2.ipc,8216,27,1330,1424,16.19,17.33,"['index', 'scan', 'header', 'rt', 'frag_type', 'collision_energy', 'precursor_mz', 'precursor_charge', 'precursor_intensity', 'lower_offset', 'upper_offset', 'isolation_target', 'mz', 'intensity', 'scale_factor', 'peptide', 'modified_peptide', 'peptide_observed_mz', 'peptide_calc_mz', 'delta_mass', 'retention', 'expectation', 'hyperscore', 'nextscore', 'probability', 'auc_intensity', 'protein']"
PXD031032,MouseBrain-Z-T-1.ipc,17968,27,6432,4564,35.8,25.4,"['index', 'scan', 'header', 'rt', 'frag_type', 'collision_energy', 'precursor_mz', 'precursor_charge', 'precursor_intensity', 'lower_offset', 'upper_offset', 'isolation_target', 'mz', 'intensity', 'scale_factor', 'peptide', 'modified_peptide', 'peptide_observed_mz', 'peptide_calc_mz', 'delta_mass', 'retention', 'expectation', 'hyperscore', 'nextscore', 'probability', 'auc_intensity', 'protein']"
PXD031025,480_20210524_WZY_IGP_HILIC_DDACancer_5e5_2.ipc,6648,27,134,1269,2.02,19.09,"['index', 'scan', 'header', 'rt', 'frag_type', 'collision_energy', 'precursor_mz', 'precursor_charge', 'precursor_intensity', 'lower_offset', 'upper_offset', 'isolation_target', 'mz', 'intensity', 'scale_factor', 'peptide', 'modified_peptide', 'peptide_observed_mz', 'peptide_calc_mz', 'delta_mass', 'retention', 'expectation', 'hyperscore', 'nextscore', 'probability', 'auc_intensity', 'protein']"
PXD031025,480_20210714_WZY_NIGP_HILIC_DDA_Cancer_160min_1.ipc,8799,27,187,1663,2.13,18.9,"['index', 'scan', 'header', 'rt', 'frag_type', 'collision_energy', 'precursor_mz', 'precursor_charge', 'precursor_intensity', 'lower_offset', 'upper_offset', 'isolation_target', 'mz', 'intensity', 'scale_factor', 'peptide', 'modified_peptide', 'peptide_observed_mz', 'peptide_calc_mz', 'delta_mass', 'retention', 'expectation', 'hyperscore', 'nextscore', 'probability', 'auc_intensity', 'protein']"
PXD031025,480_20210524_WZY_IGP_HILIC_DDACancer_5e5_1.ipc,6680,27,170,1208,2.54,18.08,"['index', 'scan', 'header', 'rt', 'frag_type', 'collision_energy', 'precursor_mz', 'precursor_charge', 'precursor_intensity', 'lower_offset', 'upper_offset', 'isolation_target', 'mz', 'intensity', 'scale_factor', 'peptide', 'modified_peptide', 'peptide_observed_mz', 'peptide_calc_mz', 'delta_mass', 'retention', 'expectation', 'hyperscore', 'nextscore', 'probability', 'auc_intensity', 'protein']"
PXD031025,480_20210714_WZY_NIGP_HILIC_DDA_Cancer_160min_2.ipc,9411,27,192,1854,2.04,19.7,"['index', 'scan', 'header', 'rt', 'frag_type', 'collision_energy', 'precursor_mz', 'precursor_charge', 'precursor_intensity', 'lower_offset', 'upper_offset', 'isolation_target', 'mz', 'intensity', 'scale_factor', 'peptide', 'modified_peptide', 'peptide_observed_mz', 'peptide_calc_mz', 'delta_mass', 'retention', 'expectation', 'hyperscore', 'nextscore', 'probability', 'auc_intensity', 'protein']"
PXD031025,480_20210714_WZY_NIGP_HILIC_DDA_Cancer_210min_2.ipc,10619,27,235,2052,2.21,19.32,"['index', 'scan', 'header', 'rt', 'frag_type', 'collision_energy', 'precursor_mz', 'precursor_charge', 'precursor_intensity', 'lower_offset', 'upper_offset', 'isolation_target', 'mz', 'intensity', 'scale_factor', 'peptide', 'modified_peptide', 'peptide_observed_mz', 'peptide_calc_mz', 'delta_mass', 'retention', 'expectation', 'hyperscore', 'nextscore', 'probability', 'auc_intensity', 'protein']"
PXD031025,480_20210714_WZY_NIGP_HILIC_DDA_Cancer_210min_1.ipc,12527,27,221,2575,1.76,20.56,"['index', 'scan', 'header', 'rt', 'frag_type', 'collision_energy', 'precursor_mz', 'precursor_charge', 'precursor_intensity', 'lower_offset', 'upper_offset', 'isolation_target', 'mz', 'intensity', 'scale_factor', 'peptide', 'modified_peptide', 'peptide_observed_mz', 'peptide_calc_mz', 'delta_mass', 'retention', 'expectation', 'hyperscore', 'nextscore', 'probability', 'auc_intensity', 'protein']"
PXD026649,Sperm_cotton_fraction3_IGP2_Xin_20210206.ipc,18627,27,3779,4281,20.29,22.98,"['index', 'scan', 'header', 'rt', 'frag_type', 'collision_energy', 'precursor_mz', 'precursor_charge', 'precursor_intensity', 'lower_offset', 'upper_offset', 'isolation_target', 'mz', 'intensity', 'scale_factor', 'peptide', 'modified_peptide', 'peptide_observed_mz', 'peptide_calc_mz', 'delta_mass', 'retention', 'expectation', 'hyperscore', 'nextscore', 'probability', 'auc_intensity', 'protein']"
PXD026649,Sperm_cotton_fraction12_IGP1_Xin_20210208.ipc,16110,27,2412,6797,14.97,42.19,"['index', 'scan', 'header', 'rt', 'frag_type', 'collision_energy', 'precursor_mz', 'precursor_charge', 'precursor_intensity', 'lower_offset', 'upper_offset', 'isolation_target', 'mz', 'intensity', 'scale_factor', 'peptide', 'modified_peptide', 'peptide_observed_mz', 'peptide_calc_mz', 'delta_mass', 'retention', 'expectation', 'hyperscore', 'nextscore', 'probability', 'auc_intensity', 'protein']"
PXD026649,Sperm_cotton_fraction12_IGP3_Xin_20210208.ipc,15724,27,3034,6196,19.3,39.4,"['index', 'scan', 'header', 'rt', 'frag_type', 'collision_energy', 'precursor_mz', 'precursor_charge', 'precursor_intensity', 'lower_offset', 'upper_offset', 'isolation_target', 'mz', 'intensity', 'scale_factor', 'peptide', 'modified_peptide', 'peptide_observed_mz', 'peptide_calc_mz', 'delta_mass', 'retention', 'expectation', 'hyperscore', 'nextscore', 'probability', 'auc_intensity', 'protein']"
PXD026649,Sperm_cotton_fraction8_IGP1_Xin_20210208.ipc,14142,27,3272,3461,23.14,24.47,"['index', 'scan', 'header', 'rt', 'frag_type', 'collision_energy', 'precursor_mz', 'precursor_charge', 'precursor_intensity', 'lower_offset', 'upper_offset', 'isolation_target', 'mz', 'intensity', 'scale_factor', 'peptide', 'modified_peptide', 'peptide_observed_mz', 'peptide_calc_mz', 'delta_mass', 'retention', 'expectation', 'hyperscore', 'nextscore', 'probability', 'auc_intensity', 'protein']"
PXD026649,Sperm_cotton_fraction9_IGP1_Xin_20210208.ipc,9385,27,2058,2389,21.93,25.46,"['index', 'scan', 'header', 'rt', 'frag_type', 'collision_energy', 'precursor_mz', 'precursor_charge', 'precursor_intensity', 'lower_offset', 'upper_offset', 'isolation_target', 'mz', 'intensity', 'scale_factor', 'peptide', 'modified_peptide', 'peptide_observed_mz', 'peptide_calc_mz', 'delta_mass', 'retention', 'expectation', 'hyperscore', 'nextscore', 'probability', 'auc_intensity', 'protein']"
PXD026649,Sperm_cotton_fraction10_IGP2_Xin_20210208.ipc,11147,27,2096,2720,18.8,24.4,"['index', 'scan', 'header', 'rt', 'frag_type', 'collision_energy', 'precursor_mz', 'precursor_charge', 'precursor_intensity', 'lower_offset', 'upper_offset', 'isolation_target', 'mz', 'intensity', 'scale_factor', 'peptide', 'modified_peptide', 'peptide_observed_mz', 'peptide_calc_mz', 'delta_mass', 'retention', 'expectation', 'hyperscore', 'nextscore', 'probability', 'auc_intensity', 'protein']"
PXD026649,Sperm_cotton_fraction9_IGP2_Xin_20210208.ipc,9639,27,2204,2481,22.87,25.74,"['index', 'scan', 'header', 'rt', 'frag_type', 'collision_energy', 'precursor_mz', 'precursor_charge', 'precursor_intensity', 'lower_offset', 'upper_offset', 'isolation_target', 'mz', 'intensity', 'scale_factor', 'peptide', 'modified_peptide', 'peptide_observed_mz', 'peptide_calc_mz', 'delta_mass', 'retention', 'expectation', 'hyperscore', 'nextscore', 'probability', 'auc_intensity', 'protein']"
PXD026649,Sperm_cotton_fraction3_IGP3_Xin_20210206.ipc,16145,27,3334,3848,20.65,23.83,"['index', 'scan', 'header', 'rt', 'frag_type', 'collision_energy', 'precursor_mz', 'precursor_charge', 'precursor_intensity', 'lower_offset', 'upper_offset', 'isolation_target', 'mz', 'intensity', 'scale_factor', 'peptide', 'modified_peptide', 'peptide_observed_mz', 'peptide_calc_mz', 'delta_mass', 'retention', 'expectation', 'hyperscore', 'nextscore', 'probability', 'auc_intensity', 'protein']"
PXD026649,Sperm_cotton_fraction6_IGP2_Xin_20210208.ipc,14802,27,3321,3766,22.44,25.44,"['index', 'scan', 'header', 'rt', 'frag_type', 'collision_energy', 'precursor_mz', 'precursor_charge', 'precursor_intensity', 'lower_offset', 'upper_offset', 'isolation_target', 'mz', 'intensity', 'scale_factor', 'peptide', 'modified_peptide', 'peptide_observed_mz', 'peptide_calc_mz', 'delta_mass', 'retention', 'expectation', 'hyperscore', 'nextscore', 'probability', 'auc_intensity', 'protein']"
PXD026649,Sperm_cotton_fraction9_IGP1_Xin_20210216.ipc,10951,27,1853,2668,16.92,24.36,"['index', 'scan', 'header', 'rt', 'frag_type', 'collision_energy', 'precursor_mz', 'precursor_charge', 'precursor_intensity', 'lower_offset', 'upper_offset', 'isolation_target', 'mz', 'intensity', 'scale_factor', 'peptide', 'modified_peptide', 'peptide_observed_mz', 'peptide_calc_mz', 'delta_mass', 'retention', 'expectation', 'hyperscore', 'nextscore', 'probability', 'auc_intensity', 'protein']"
PXD026649,Sperm_cotton_fraction1_IGP1_Xin_20210205.ipc,14031,27,2527,3144,18.01,22.41,"['index', 'scan', 'header', 'rt', 'frag_type', 'collision_energy', 'precursor_mz', 'precursor_charge', 'precursor_intensity', 'lower_offset', 'upper_offset', 'isolation_target', 'mz', 'intensity', 'scale_factor', 'peptide', 'modified_peptide', 'peptide_observed_mz', 'peptide_calc_mz', 'delta_mass', 'retention', 'expectation', 'hyperscore', 'nextscore', 'probability', 'auc_intensity', 'protein']"
PXD026649,Sperm_cotton_fraction6_IGP1_Xin_20210208.ipc,14572,27,3465,3695,23.78,25.36,"['index', 'scan', 'header', 'rt', 'frag_type', 'collision_energy', 'precursor_mz', 'precursor_charge', 'precursor_intensity', 'lower_offset', 'upper_offset', 'isolation_target', 'mz', 'intensity', 'scale_factor', 'peptide', 'modified_peptide', 'peptide_observed_mz', 'peptide_calc_mz', 'delta_mass', 'retention', 'expectation', 'hyperscore', 'nextscore', 'probability', 'auc_intensity', 'protein']"
PXD026649,Sperm_cotton_fraction7_IGP1_Xin_20210208.ipc,13606,27,3069,3067,22.56,22.54,"['index', 'scan', 'header', 'rt', 'frag_type', 'collision_energy', 'precursor_mz', 'precursor_charge', 'precursor_intensity', 'lower_offset', 'upper_offset', 'isolation_target', 'mz', 'intensity', 'scale_factor', 'peptide', 'modified_peptide', 'peptide_observed_mz', 'peptide_calc_mz', 'delta_mass', 'retention', 'expectation', 'hyperscore', 'nextscore', 'probability', 'auc_intensity', 'protein']"
PXD026649,Sperm_cotton_fraction12_IGP2_Xin_20210208.ipc,17028,27,2634,4849,15.47,28.48,"['index', 'scan', 'header', 'rt', 'frag_type', 'collision_energy', 'precursor_mz', 'precursor_charge', 'precursor_intensity', 'lower_offset', 'upper_offset', 'isolation_target', 'mz', 'intensity', 'scale_factor', 'peptide', 'modified_peptide', 'peptide_observed_mz', 'peptide_calc_mz', 'delta_mass', 'retention', 'expectation', 'hyperscore', 'nextscore', 'probability', 'auc_intensity', 'protein']"
PXD026649,Sperm_cotton_fraction3_IGP1_Xin_20210206.ipc,18058,27,3628,4095,20.09,22.68,"['index', 'scan', 'header', 'rt', 'frag_type', 'collision_energy', 'precursor_mz', 'precursor_charge', 'precursor_intensity', 'lower_offset', 'upper_offset', 'isolation_target', 'mz', 'intensity', 'scale_factor', 'peptide', 'modified_peptide', 'peptide_observed_mz', 'peptide_calc_mz', 'delta_mass', 'retention', 'expectation', 'hyperscore', 'nextscore', 'probability', 'auc_intensity', 'protein']"
PXD026649,Sperm_cotton_fraction2_IGP2_Xin_20210206.ipc,17157,27,2928,3651,17.07,21.28,"['index', 'scan', 'header', 'rt', 'frag_type', 'collision_energy', 'precursor_mz', 'precursor_charge', 'precursor_intensity', 'lower_offset', 'upper_offset', 'isolation_target', 'mz', 'intensity', 'scale_factor', 'peptide', 'modified_peptide', 'peptide_observed_mz', 'peptide_calc_mz', 'delta_mass', 'retention', 'expectation', 'hyperscore', 'nextscore', 'probability', 'auc_intensity', 'protein']"
PXD026649,Sperm_cotton_fraction10_IGP1_Xin_20210208.ipc,11449,27,2193,2732,19.15,23.86,"['index', 'scan', 'header', 'rt', 'frag_type', 'collision_energy', 'precursor_mz', 'precursor_charge', 'precursor_intensity', 'lower_offset', 'upper_offset', 'isolation_target', 'mz', 'intensity', 'scale_factor', 'peptide', 'modified_peptide', 'peptide_observed_mz', 'peptide_calc_mz', 'delta_mass', 'retention', 'expectation', 'hyperscore', 'nextscore', 'probability', 'auc_intensity', 'protein']"
PXD026649,Sperm_cotton_fraction6_IGP3_Xin_20210208.ipc,13955,27,3252,3467,23.3,24.84,"['index', 'scan', 'header', 'rt', 'frag_type', 'collision_energy', 'precursor_mz', 'precursor_charge', 'precursor_intensity', 'lower_offset', 'upper_offset', 'isolation_target', 'mz', 'intensity', 'scale_factor', 'peptide', 'modified_peptide', 'peptide_observed_mz', 'peptide_calc_mz', 'delta_mass', 'retention', 'expectation', 'hyperscore', 'nextscore', 'probability', 'auc_intensity', 'protein']"
PXD026649,Sperm_cotton_fraction2_IGP3_Xin_20210206.ipc,17283,27,2967,3784,17.17,21.89,"['index', 'scan', 'header', 'rt', 'frag_type', 'collision_energy', 'precursor_mz', 'precursor_charge', 'precursor_intensity', 'lower_offset', 'upper_offset', 'isolation_target', 'mz', 'intensity', 'scale_factor', 'peptide', 'modified_peptide', 'peptide_observed_mz', 'peptide_calc_mz', 'delta_mass', 'retention', 'expectation', 'hyperscore', 'nextscore', 'probability', 'auc_intensity', 'protein']"
PXD026649,Sperm_cotton_fraction4_IGP1_Xin_20210207.ipc,12742,27,2205,3191,17.3,25.04,"['index', 'scan', 'header', 'rt', 'frag_type', 'collision_energy', 'precursor_mz', 'precursor_charge', 'precursor_intensity', 'lower_offset', 'upper_offset', 'isolation_target', 'mz', 'intensity', 'scale_factor', 'peptide', 'modified_peptide', 'peptide_observed_mz', 'peptide_calc_mz', 'delta_mass', 'retention', 'expectation', 'hyperscore', 'nextscore', 'probability', 'auc_intensity', 'protein']"
PXD026649,Sperm_cotton_fraction7_IGP3_Xin_20210208.ipc,13637,27,3302,3275,24.21,24.02,"['index', 'scan', 'header', 'rt', 'frag_type', 'collision_energy', 'precursor_mz', 'precursor_charge', 'precursor_intensity', 'lower_offset', 'upper_offset', 'isolation_target', 'mz', 'intensity', 'scale_factor', 'peptide', 'modified_peptide', 'peptide_observed_mz', 'peptide_calc_mz', 'delta_mass', 'retention', 'expectation', 'hyperscore', 'nextscore', 'probability', 'auc_intensity', 'protein']"
PXD026649,Sperm_cotton_fraction1_IGP3_Xin_20210205.ipc,13552,27,2452,3076,18.09,22.7,"['index', 'scan', 'header', 'rt', 'frag_type', 'collision_energy', 'precursor_mz', 'precursor_charge', 'precursor_intensity', 'lower_offset', 'upper_offset', 'isolation_target', 'mz', 'intensity', 'scale_factor', 'peptide', 'modified_peptide', 'peptide_observed_mz', 'peptide_calc_mz', 'delta_mass', 'retention', 'expectation', 'hyperscore', 'nextscore', 'probability', 'auc_intensity', 'protein']"
PXD026649,Sperm_cotton_fraction8_IGP2_Xin_20210208.ipc,14145,27,3293,3557,23.28,25.15,"['index', 'scan', 'header', 'rt', 'frag_type', 'collision_energy', 'precursor_mz', 'precursor_charge', 'precursor_intensity', 'lower_offset', 'upper_offset', 'isolation_target', 'mz', 'intensity', 'scale_factor', 'peptide', 'modified_peptide', 'peptide_observed_mz', 'peptide_calc_mz', 'delta_mass', 'retention', 'expectation', 'hyperscore', 'nextscore', 'probability', 'auc_intensity', 'protein']"
PXD026649,Sperm_cotton_fraction2_IGP1_Xin_20210206.ipc,17585,27,3138,3743,17.84,21.29,"['index', 'scan', 'header', 'rt', 'frag_type', 'collision_energy', 'precursor_mz', 'precursor_charge', 'precursor_intensity', 'lower_offset', 'upper_offset', 'isolation_target', 'mz', 'intensity', 'scale_factor', 'peptide', 'modified_peptide', 'peptide_observed_mz', 'peptide_calc_mz', 'delta_mass', 'retention', 'expectation', 'hyperscore', 'nextscore', 'probability', 'auc_intensity', 'protein']"
PXD026649,Sperm_cotton_fraction11_IGP3_Xin_20210208.ipc,13471,27,2538,2929,18.84,21.74,"['index', 'scan', 'header', 'rt', 'frag_type', 'collision_energy', 'precursor_mz', 'precursor_charge', 'precursor_intensity', 'lower_offset', 'upper_offset', 'isolation_target', 'mz', 'intensity', 'scale_factor', 'peptide', 'modified_peptide', 'peptide_observed_mz', 'peptide_calc_mz', 'delta_mass', 'retention', 'expectation', 'hyperscore', 'nextscore', 'probability', 'auc_intensity', 'protein']"
PXD026649,Sperm_cotton_fraction1_IGP2_Xin_20210205.ipc,13506,27,2455,3021,18.18,22.37,"['index', 'scan', 'header', 'rt', 'frag_type', 'collision_energy', 'precursor_mz', 'precursor_charge', 'precursor_intensity', 'lower_offset', 'upper_offset', 'isolation_target', 'mz', 'intensity', 'scale_factor', 'peptide', 'modified_peptide', 'peptide_observed_mz', 'peptide_calc_mz', 'delta_mass', 'retention', 'expectation', 'hyperscore', 'nextscore', 'probability', 'auc_intensity', 'protein']"
PXD026649,Sperm_cotton_fraction9_IGP3_Xin_20210208.ipc,9817,27,2151,2613,21.91,26.62,"['index', 'scan', 'header', 'rt', 'frag_type', 'collision_energy', 'precursor_mz', 'precursor_charge', 'precursor_intensity', 'lower_offset', 'upper_offset', 'isolation_target', 'mz', 'intensity', 'scale_factor', 'peptide', 'modified_peptide', 'peptide_observed_mz', 'peptide_calc_mz', 'delta_mass', 'retention', 'expectation', 'hyperscore', 'nextscore', 'probability', 'auc_intensity', 'protein']"
PXD026649,Sperm_cotton_fraction4_IGP2_Xin_20210207.ipc,12178,27,2179,3125,17.89,25.66,"['index', 'scan', 'header', 'rt', 'frag_type', 'collision_energy', 'precursor_mz', 'precursor_charge', 'precursor_intensity', 'lower_offset', 'upper_offset', 'isolation_target', 'mz', 'intensity', 'scale_factor', 'peptide', 'modified_peptide', 'peptide_observed_mz', 'peptide_calc_mz', 'delta_mass', 'retention', 'expectation', 'hyperscore', 'nextscore', 'probability', 'auc_intensity', 'protein']"
PXD026649,Sperm_cotton_fraction11_IGP2_Xin_20210208.ipc,13505,27,2531,2953,18.74,21.87,"['index', 'scan', 'header', 'rt', 'frag_type', 'collision_energy', 'precursor_mz', 'precursor_charge', 'precursor_intensity', 'lower_offset', 'upper_offset', 'isolation_target', 'mz', 'intensity', 'scale_factor', 'peptide', 'modified_peptide', 'peptide_observed_mz', 'peptide_calc_mz', 'delta_mass', 'retention', 'expectation', 'hyperscore', 'nextscore', 'probability', 'auc_intensity', 'protein']"
PXD026649,Sperm_cotton_fraction4_IGP3_Xin_20210207.ipc,13006,27,2006,7252,15.42,55.76,"['index', 'scan', 'header', 'rt', 'frag_type', 'collision_energy', 'precursor_mz', 'precursor_charge', 'precursor_intensity', 'lower_offset', 'upper_offset', 'isolation_target', 'mz', 'intensity', 'scale_factor', 'peptide', 'modified_peptide', 'peptide_observed_mz', 'peptide_calc_mz', 'delta_mass', 'retention', 'expectation', 'hyperscore', 'nextscore', 'probability', 'auc_intensity', 'protein']"
PXD026649,Sperm_cotton_fraction5_IGP2_Xin_20210207.ipc,12455,27,2861,3303,22.97,26.52,"['index', 'scan', 'header', 'rt', 'frag_type', 'collision_energy', 'precursor_mz', 'precursor_charge', 'precursor_intensity', 'lower_offset', 'upper_offset', 'isolation_target', 'mz', 'intensity', 'scale_factor', 'peptide', 'modified_peptide', 'peptide_observed_mz', 'peptide_calc_mz', 'delta_mass', 'retention', 'expectation', 'hyperscore', 'nextscore', 'probability', 'auc_intensity', 'protein']"
PXD026649,Sperm_cotton_fraction5_IGP1_Xin_20210207.ipc,12870,27,2915,3412,22.65,26.51,"['index', 'scan', 'header', 'rt', 'frag_type', 'collision_energy', 'precursor_mz', 'precursor_charge', 'precursor_intensity', 'lower_offset', 'upper_offset', 'isolation_target', 'mz', 'intensity', 'scale_factor', 'peptide', 'modified_peptide', 'peptide_observed_mz', 'peptide_calc_mz', 'delta_mass', 'retention', 'expectation', 'hyperscore', 'nextscore', 'probability', 'auc_intensity', 'protein']"
PXD026649,Sperm_cotton_fraction11_IGP1_Xin_20210208.ipc,14566,27,2598,3104,17.84,21.31,"['index', 'scan', 'header', 'rt', 'frag_type', 'collision_energy', 'precursor_mz', 'precursor_charge', 'precursor_intensity', 'lower_offset', 'upper_offset', 'isolation_target', 'mz', 'intensity', 'scale_factor', 'peptide', 'modified_peptide', 'peptide_observed_mz', 'peptide_calc_mz', 'delta_mass', 'retention', 'expectation', 'hyperscore', 'nextscore', 'probability', 'auc_intensity', 'protein']"
PXD026649,Sperm_cotton_fraction8_IGP3_Xin_20210208.ipc,13183,27,3118,3377,23.65,25.62,"['index', 'scan', 'header', 'rt', 'frag_type', 'collision_energy', 'precursor_mz', 'precursor_charge', 'precursor_intensity', 'lower_offset', 'upper_offset', 'isolation_target', 'mz', 'intensity', 'scale_factor', 'peptide', 'modified_peptide', 'peptide_observed_mz', 'peptide_calc_mz', 'delta_mass', 'retention', 'expectation', 'hyperscore', 'nextscore', 'probability', 'auc_intensity', 'protein']"
PXD026649,Sperm_cotton_fraction10_IGP3_Xin_20210208.ipc,15356,27,2788,3293,18.16,21.44,"['index', 'scan', 'header', 'rt', 'frag_type', 'collision_energy', 'precursor_mz', 'precursor_charge', 'precursor_intensity', 'lower_offset', 'upper_offset', 'isolation_target', 'mz', 'intensity', 'scale_factor', 'peptide', 'modified_peptide', 'peptide_observed_mz', 'peptide_calc_mz', 'delta_mass', 'retention', 'expectation', 'hyperscore', 'nextscore', 'probability', 'auc_intensity', 'protein']"
PXD026649,Sperm_cotton_fraction5_IGP3_Xin_20210207.ipc,13502,27,2993,3551,22.17,26.3,"['index', 'scan', 'header', 'rt', 'frag_type', 'collision_energy', 'precursor_mz', 'precursor_charge', 'precursor_intensity', 'lower_offset', 'upper_offset', 'isolation_target', 'mz', 'intensity', 'scale_factor', 'peptide', 'modified_peptide', 'peptide_observed_mz', 'peptide_calc_mz', 'delta_mass', 'retention', 'expectation', 'hyperscore', 'nextscore', 'probability', 'auc_intensity', 'protein']"
PXD026649,Sperm_cotton_fraction7_IGP2_Xin_20210208.ipc,12317,27,3087,2940,25.06,23.87,"['index', 'scan', 'header', 'rt', 'frag_type', 'collision_energy', 'precursor_mz', 'precursor_charge', 'precursor_intensity', 'lower_offset', 'upper_offset', 'isolation_target', 'mz', 'intensity', 'scale_factor', 'peptide', 'modified_peptide', 'peptide_observed_mz', 'peptide_calc_mz', 'delta_mass', 'retention', 'expectation', 'hyperscore', 'nextscore', 'probability', 'auc_intensity', 'protein']"
PXD047898,Pool_BaseCE50_1900Vpp_Slot1-85_1_8646.mzML.ipc,14481,26,5220,805,36.05,5.56,"['index', 'scan', 'header', 'rt', 'frag_type', 'collision_energy', 'precursor_mz', 'precursor_charge', 'precursor_intensity', 'lower_offset', 'upper_offset', 'isolation_target', 'mz', 'intensity', 'scale_factor', 'peptide', 'modified_peptide', 'peptide_observed_mz', 'peptide_calc_mz', 'delta_mass', 'expectation', 'hyperscore', 'nextscore', 'probability', 'auc_intensity', 'protein']"
PXD047898,CE50_1700Vpp_10us_80us_25K_Slot1-86_1_8659.mzML.ipc,10386,26,3300,254,31.77,2.45,"['index', 'scan', 'header', 'rt', 'frag_type', 'collision_energy', 'precursor_mz', 'precursor_charge', 'precursor_intensity', 'lower_offset', 'upper_offset', 'isolation_target', 'mz', 'intensity', 'scale_factor', 'peptide', 'modified_peptide', 'peptide_observed_mz', 'peptide_calc_mz', 'delta_mass', 'expectation', 'hyperscore', 'nextscore', 'probability', 'auc_intensity', 'protein']"
PXD047898,CE50_1700Vpp_10us_80us_25K_Slot1-86_1_8665.mzML.ipc,11756,26,4023,634,34.22,5.39,"['index', 'scan', 'header', 'rt', 'frag_type', 'collision_energy', 'precursor_mz', 'precursor_charge', 'precursor_intensity', 'lower_offset', 'upper_offset', 'isolation_target', 'mz', 'intensity', 'scale_factor', 'peptide', 'modified_peptide', 'peptide_observed_mz', 'peptide_calc_mz', 'delta_mass', 'expectation', 'hyperscore', 'nextscore', 'probability', 'auc_intensity', 'protein']"
PXD047898,Glyco_CE0_Slot1-01_1_8617.mzML.ipc,6493,26,2271,134,34.98,2.06,"['index', 'scan', 'header', 'rt', 'frag_type', 'collision_energy', 'precursor_mz', 'precursor_charge', 'precursor_intensity', 'lower_offset', 'upper_offset', 'isolation_target', 'mz', 'intensity', 'scale_factor', 'peptide', 'modified_peptide', 'peptide_observed_mz', 'peptide_calc_mz', 'delta_mass', 'expectation', 'hyperscore', 'nextscore', 'probability', 'auc_intensity', 'protein']"
PXD047898,Glyco_CE10_Slot1-01_1_8611.mzML.ipc,15500,26,7789,963,50.25,6.21,"['index', 'scan', 'header', 'rt', 'frag_type', 'collision_energy', 'precursor_mz', 'precursor_charge', 'precursor_intensity', 'lower_offset', 'upper_offset', 'isolation_target', 'mz', 'intensity', 'scale_factor', 'peptide', 'modified_peptide', 'peptide_observed_mz', 'peptide_calc_mz', 'delta_mass', 'expectation', 'hyperscore', 'nextscore', 'probability', 'auc_intensity', 'protein']"
PXD047898,Glyco_CE60_Slot1-01_1_8616.mzML.ipc,11783,26,1040,725,8.83,6.15,"['index', 'scan', 'header', 'rt', 'frag_type', 'collision_energy', 'precursor_mz', 'precursor_charge', 'precursor_intensity', 'lower_offset', 'upper_offset', 'isolation_target', 'mz', 'intensity', 'scale_factor', 'peptide', 'modified_peptide', 'peptide_observed_mz', 'peptide_calc_mz', 'delta_mass', 'expectation', 'hyperscore', 'nextscore', 'probability', 'auc_intensity', 'protein']"
PXD047898,Glyco_CE40_Slot1-01_1_8621.mzML.ipc,13621,26,3135,494,23.02,3.63,"['index', 'scan', 'header', 'rt', 'frag_type', 'collision_energy', 'precursor_mz', 'precursor_charge', 'precursor_intensity', 'lower_offset', 'upper_offset', 'isolation_target', 'mz', 'intensity', 'scale_factor', 'peptide', 'modified_peptide', 'peptide_observed_mz', 'peptide_calc_mz', 'delta_mass', 'expectation', 'hyperscore', 'nextscore', 'probability', 'auc_intensity', 'protein']"
PXD047898,Glyco_CE0_Slot1-01_1_8610.mzML.ipc,12906,26,7333,393,56.82,3.05,"['index', 'scan', 'header', 'rt', 'frag_type', 'collision_energy', 'precursor_mz', 'precursor_charge', 'precursor_intensity', 'lower_offset', 'upper_offset', 'isolation_target', 'mz', 'intensity', 'scale_factor', 'peptide', 'modified_peptide', 'peptide_observed_mz', 'peptide_calc_mz', 'delta_mass', 'expectation', 'hyperscore', 'nextscore', 'probability', 'auc_intensity', 'protein']"
PXD047898,Pool_BaseCE50_1300Vpp_Slot1-85_1_8643.mzML.ipc,14873,26,5614,592,37.75,3.98,"['index', 'scan', 'header', 'rt', 'frag_type', 'collision_energy', 'precursor_mz', 'precursor_charge', 'precursor_intensity', 'lower_offset', 'upper_offset', 'isolation_target', 'mz', 'intensity', 'scale_factor', 'peptide', 'modified_peptide', 'peptide_observed_mz', 'peptide_calc_mz', 'delta_mass', 'expectation', 'hyperscore', 'nextscore', 'probability', 'auc_intensity', 'protein']"
PXD047898,Glyco_CE50_Slot1-01_1_8622.mzML.ipc,11636,26,2268,314,19.49,2.7,"['index', 'scan', 'header', 'rt', 'frag_type', 'collision_energy', 'precursor_mz', 'precursor_charge', 'precursor_intensity', 'lower_offset', 'upper_offset', 'isolation_target', 'mz', 'intensity', 'scale_factor', 'peptide', 'modified_peptide', 'peptide_observed_mz', 'peptide_calc_mz', 'delta_mass', 'expectation', 'hyperscore', 'nextscore', 'probability', 'auc_intensity', 'protein']"
PXD047898,Pool_BaseCE50_1500Vpp_Slot1-85_1_8655.mzML.ipc,12404,26,4537,356,36.58,2.87,"['index', 'scan', 'header', 'rt', 'frag_type', 'collision_energy', 'precursor_mz', 'precursor_charge', 'precursor_intensity', 'lower_offset', 'upper_offset', 'isolation_target', 'mz', 'intensity', 'scale_factor', 'peptide', 'modified_peptide', 'peptide_observed_mz', 'peptide_calc_mz', 'delta_mass', 'expectation', 'hyperscore', 'nextscore', 'probability', 'auc_intensity', 'protein']"
PXD047898,CE50_1700Vpp_10us_80us_150K_Slot1-86_1_8668.mzML.ipc,24526,26,8454,850,34.47,3.47,"['index', 'scan', 'header', 'rt', 'frag_type', 'collision_energy', 'precursor_mz', 'precursor_charge', 'precursor_intensity', 'lower_offset', 'upper_offset', 'isolation_target', 'mz', 'intensity', 'scale_factor', 'peptide', 'modified_peptide', 'peptide_observed_mz', 'peptide_calc_mz', 'delta_mass', 'expectation', 'hyperscore', 'nextscore', 'probability', 'auc_intensity', 'protein']"
PXD047898,Glyco_CE20_Slot1-01_1_8612.mzML.ipc,16072,26,6721,712,41.82,4.43,"['index', 'scan', 'header', 'rt', 'frag_type', 'collision_energy', 'precursor_mz', 'precursor_charge', 'precursor_intensity', 'lower_offset', 'upper_offset', 'isolation_target', 'mz', 'intensity', 'scale_factor', 'peptide', 'modified_peptide', 'peptide_observed_mz', 'peptide_calc_mz', 'delta_mass', 'expectation', 'hyperscore', 'nextscore', 'probability', 'auc_intensity', 'protein']"
PXD047898,Glyco_CE60_Slot1-01_1_8623.mzML.ipc,11462,26,1683,234,14.68,2.04,"['index', 'scan', 'header', 'rt', 'frag_type', 'collision_energy', 'precursor_mz', 'precursor_charge', 'precursor_intensity', 'lower_offset', 'upper_offset', 'isolation_target', 'mz', 'intensity', 'scale_factor', 'peptide', 'modified_peptide', 'peptide_observed_mz', 'peptide_calc_mz', 'delta_mass', 'expectation', 'hyperscore', 'nextscore', 'probability', 'auc_intensity', 'protein']"
PXD047898,Glyco_CE10_Slot1-01_1_8618.mzML.ipc,13592,26,6304,485,46.38,3.57,"['index', 'scan', 'header', 'rt', 'frag_type', 'collision_energy', 'precursor_mz', 'precursor_charge', 'precursor_intensity', 'lower_offset', 'upper_offset', 'isolation_target', 'mz', 'intensity', 'scale_factor', 'peptide', 'modified_peptide', 'peptide_observed_mz', 'peptide_calc_mz', 'delta_mass', 'expectation', 'hyperscore', 'nextscore', 'probability', 'auc_intensity', 'protein']"
PXD047898,CE50_1700Vpp_10us_80us_150K_Slot1-86_1_8662.mzML.ipc,27318,26,10592,1418,38.77,5.19,"['index', 'scan', 'header', 'rt', 'frag_type', 'collision_energy', 'precursor_mz', 'precursor_charge', 'precursor_intensity', 'lower_offset', 'upper_offset', 'isolation_target', 'mz', 'intensity', 'scale_factor', 'peptide', 'modified_peptide', 'peptide_observed_mz', 'peptide_calc_mz', 'delta_mass', 'expectation', 'hyperscore', 'nextscore', 'probability', 'auc_intensity', 'protein']"
PXD047898,Pool_BaseCE50_1700Vpp_Slot1-85_1_8645.mzML.ipc,16750,26,6192,838,36.97,5.0,"['index', 'scan', 'header', 'rt', 'frag_type', 'collision_energy', 'precursor_mz', 'precursor_charge', 'precursor_intensity', 'lower_offset', 'upper_offset', 'isolation_target', 'mz', 'intensity', 'scale_factor', 'peptide', 'modified_peptide', 'peptide_observed_mz', 'peptide_calc_mz', 'delta_mass', 'expectation', 'hyperscore', 'nextscore', 'probability', 'auc_intensity', 'protein']"
PXD047898,Glyco_CE50_Slot1-01_1_8615.mzML.ipc,14052,26,2319,599,16.5,4.26,"['index', 'scan', 'header', 'rt', 'frag_type', 'collision_energy', 'precursor_mz', 'precursor_charge', 'precursor_intensity', 'lower_offset', 'upper_offset', 'isolation_target', 'mz', 'intensity', 'scale_factor', 'peptide', 'modified_peptide', 'peptide_observed_mz', 'peptide_calc_mz', 'delta_mass', 'expectation', 'hyperscore', 'nextscore', 'probability', 'auc_intensity', 'protein']"
PXD047898,Pool_BaseCE50_1900Vpp_Slot1-85_1_8657.mzML.ipc,11030,26,3826,217,34.69,1.97,"['index', 'scan', 'header', 'rt', 'frag_type', 'collision_energy', 'precursor_mz', 'precursor_charge', 'precursor_intensity', 'lower_offset', 'upper_offset', 'isolation_target', 'mz', 'intensity', 'scale_factor', 'peptide', 'modified_peptide', 'peptide_observed_mz', 'peptide_calc_mz', 'delta_mass', 'expectation', 'hyperscore', 'nextscore', 'probability', 'auc_intensity', 'protein']"
PXD047898,CE50_1700Vpp_10us_80us_100K_Slot1-86_1_8667.mzML.ipc,19868,26,7274,1089,36.61,5.48,"['index', 'scan', 'header', 'rt', 'frag_type', 'collision_energy', 'precursor_mz', 'precursor_charge', 'precursor_intensity', 'lower_offset', 'upper_offset', 'isolation_target', 'mz', 'intensity', 'scale_factor', 'peptide', 'modified_peptide', 'peptide_observed_mz', 'peptide_calc_mz', 'delta_mass', 'expectation', 'hyperscore', 'nextscore', 'probability', 'auc_intensity', 'protein']"
PXD047898,CE50_1700Vpp_10us_80us_100K_Slot1-86_1_8661.mzML.ipc,20283,26,7732,909,38.12,4.48,"['index', 'scan', 'header', 'rt', 'frag_type', 'collision_energy', 'precursor_mz', 'precursor_charge', 'precursor_intensity', 'lower_offset', 'upper_offset', 'isolation_target', 'mz', 'intensity', 'scale_factor', 'peptide', 'modified_peptide', 'peptide_observed_mz', 'peptide_calc_mz', 'delta_mass', 'expectation', 'hyperscore', 'nextscore', 'probability', 'auc_intensity', 'protein']"
PXD047898,Pool_BaseCE50_1500Vpp_Slot1-85_1_8644.mzML.ipc,16847,26,6060,655,35.97,3.89,"['index', 'scan', 'header', 'rt', 'frag_type', 'collision_energy', 'precursor_mz', 'precursor_charge', 'precursor_intensity', 'lower_offset', 'upper_offset', 'isolation_target', 'mz', 'intensity', 'scale_factor', 'peptide', 'modified_peptide', 'peptide_observed_mz', 'peptide_calc_mz', 'delta_mass', 'expectation', 'hyperscore', 'nextscore', 'probability', 'auc_intensity', 'protein']"
PXD047898,Pool_BaseCE50_1700Vpp_Slot1-85_1_8656.mzML.ipc,12249,26,4052,317,33.08,2.59,"['index', 'scan', 'header', 'rt', 'frag_type', 'collision_energy', 'precursor_mz', 'precursor_charge', 'precursor_intensity', 'lower_offset', 'upper_offset', 'isolation_target', 'mz', 'intensity', 'scale_factor', 'peptide', 'modified_peptide', 'peptide_observed_mz', 'peptide_calc_mz', 'delta_mass', 'expectation', 'hyperscore', 'nextscore', 'probability', 'auc_intensity', 'protein']"
PXD044641,Goat_exo_0125.mzML.ipc,2805,26,867,990,30.91,35.29,"['index', 'scan', 'header', 'rt', 'frag_type', 'collision_energy', 'precursor_mz', 'precursor_charge', 'precursor_intensity', 'lower_offset', 'upper_offset', 'isolation_target', 'mz', 'intensity', 'scale_factor', 'peptide', 'modified_peptide', 'peptide_observed_mz', 'peptide_calc_mz', 'delta_mass', 'expectation', 'hyperscore', 'nextscore', 'probability', 'auc_intensity', 'protein']"
PXD044641,PIG-GLY-ETHCD-1.mzML.ipc,5114,26,1859,1886,36.35,36.88,"['index', 'scan', 'header', 'rt', 'frag_type', 'collision_energy', 'precursor_mz', 'precursor_charge', 'precursor_intensity', 'lower_offset', 'upper_offset', 'isolation_target', 'mz', 'intensity', 'scale_factor', 'peptide', 'modified_peptide', 'peptide_observed_mz', 'peptide_calc_mz', 'delta_mass', 'expectation', 'hyperscore', 'nextscore', 'probability', 'auc_intensity', 'protein']"
PXD044641,Bovine_exo_0125.mzML.ipc,2876,26,970,951,33.73,33.07,"['index', 'scan', 'header', 'rt', 'frag_type', 'collision_energy', 'precursor_mz', 'precursor_charge', 'precursor_intensity', 'lower_offset', 'upper_offset', 'isolation_target', 'mz', 'intensity', 'scale_factor', 'peptide', 'modified_peptide', 'peptide_observed_mz', 'peptide_calc_mz', 'delta_mass', 'expectation', 'hyperscore', 'nextscore', 'probability', 'auc_intensity', 'protein']"
PXD044641,Bovine_exo_0125_2.mzML.ipc,2928,26,1001,965,34.19,32.96,"['index', 'scan', 'header', 'rt', 'frag_type', 'collision_energy', 'precursor_mz', 'precursor_charge', 'precursor_intensity', 'lower_offset', 'upper_offset', 'isolation_target', 'mz', 'intensity', 'scale_factor', 'peptide', 'modified_peptide', 'peptide_observed_mz', 'peptide_calc_mz', 'delta_mass', 'expectation', 'hyperscore', 'nextscore', 'probability', 'auc_intensity', 'protein']"
PXD044641,HMEX_glyco-trigger.mzML.ipc,11765,26,1983,3885,16.86,33.02,"['index', 'scan', 'header', 'rt', 'frag_type', 'collision_energy', 'precursor_mz', 'precursor_charge', 'precursor_intensity', 'lower_offset', 'upper_offset', 'isolation_target', 'mz', 'intensity', 'scale_factor', 'peptide', 'modified_peptide', 'peptide_observed_mz', 'peptide_calc_mz', 'delta_mass', 'expectation', 'hyperscore', 'nextscore', 'probability', 'auc_intensity', 'protein']"
PXD044641,PIG-GLY-ETHCD-2.mzML.ipc,5207,26,1896,1755,36.41,33.7,"['index', 'scan', 'header', 'rt', 'frag_type', 'collision_energy', 'precursor_mz', 'precursor_charge', 'precursor_intensity', 'lower_offset', 'upper_offset', 'isolation_target', 'mz', 'intensity', 'scale_factor', 'peptide', 'modified_peptide', 'peptide_observed_mz', 'peptide_calc_mz', 'delta_mass', 'expectation', 'hyperscore', 'nextscore', 'probability', 'auc_intensity', 'protein']"
PXD044641,EXO_glyco-trigger.mzML.ipc,10060,26,1632,3168,16.22,31.49,"['index', 'scan', 'header', 'rt', 'frag_type', 'collision_energy', 'precursor_mz', 'precursor_charge', 'precursor_intensity', 'lower_offset', 'upper_offset', 'isolation_target', 'mz', 'intensity', 'scale_factor', 'peptide', 'modified_peptide', 'peptide_observed_mz', 'peptide_calc_mz', 'delta_mass', 'expectation', 'hyperscore', 'nextscore', 'probability', 'auc_intensity', 'protein']"
PXD044641,Goat_exo_0125_2.mzML.ipc,2784,26,944,980,33.91,35.2,"['index', 'scan', 'header', 'rt', 'frag_type', 'collision_energy', 'precursor_mz', 'precursor_charge', 'precursor_intensity', 'lower_offset', 'upper_offset', 'isolation_target', 'mz', 'intensity', 'scale_factor', 'peptide', 'modified_peptide', 'peptide_observed_mz', 'peptide_calc_mz', 'delta_mass', 'expectation', 'hyperscore', 'nextscore', 'probability', 'auc_intensity', 'protein']"
PXD025859,ShenJ_FourStandardGlycoproteins_DeSialy_CE20_33_Run1.ipc,1616,27,659,497,40.78,30.75,"['index', 'scan', 'header', 'rt', 'frag_type', 'collision_energy', 'precursor_mz', 'precursor_charge', 'precursor_intensity', 'lower_offset', 'upper_offset', 'isolation_target', 'mz', 'intensity', 'scale_factor', 'peptide', 'modified_peptide', 'peptide_observed_mz', 'peptide_calc_mz', 'delta_mass', 'retention', 'expectation', 'hyperscore', 'nextscore', 'probability', 'auc_intensity', 'protein']"
PXD025859,ShenJ_FourStandardGlycoproteins_CutGal_CutHexNAc_CE20_33_Run2.ipc,1737,27,600,722,34.54,41.57,"['index', 'scan', 'header', 'rt', 'frag_type', 'collision_energy', 'precursor_mz', 'precursor_charge', 'precursor_intensity', 'lower_offset', 'upper_offset', 'isolation_target', 'mz', 'intensity', 'scale_factor', 'peptide', 'modified_peptide', 'peptide_observed_mz', 'peptide_calc_mz', 'delta_mass', 'retention', 'expectation', 'hyperscore', 'nextscore', 'probability', 'auc_intensity', 'protein']"
PXD025859,ShenJ_MouseBrain_HLB_MAX_IGP_CE20_33_Run3.ipc,31173,27,13439,5058,43.11,16.23,"['index', 'scan', 'header', 'rt', 'frag_type', 'collision_energy', 'precursor_mz', 'precursor_charge', 'precursor_intensity', 'lower_offset', 'upper_offset', 'isolation_target', 'mz', 'intensity', 'scale_factor', 'peptide', 'modified_peptide', 'peptide_observed_mz', 'peptide_calc_mz', 'delta_mass', 'retention', 'expectation', 'hyperscore', 'nextscore', 'probability', 'auc_intensity', 'protein']"
PXD025859,ShenJ_FourStandardGlycoproteins_CutFucose_CE20_33_Run1.ipc,1759,27,774,638,44.0,36.27,"['index', 'scan', 'header', 'rt', 'frag_type', 'collision_energy', 'precursor_mz', 'precursor_charge', 'precursor_intensity', 'lower_offset', 'upper_offset', 'isolation_target', 'mz', 'intensity', 'scale_factor', 'peptide', 'modified_peptide', 'peptide_observed_mz', 'peptide_calc_mz', 'delta_mass', 'retention', 'expectation', 'hyperscore', 'nextscore', 'probability', 'auc_intensity', 'protein']"
PXD025859,ShenJ_MouseBrain_HLB_HILIC_MAX_IGP_CE20_33_Run1.ipc,34646,27,15955,5851,46.05,16.89,"['index', 'scan', 'header', 'rt', 'frag_type', 'collision_energy', 'precursor_mz', 'precursor_charge', 'precursor_intensity', 'lower_offset', 'upper_offset', 'isolation_target', 'mz', 'intensity', 'scale_factor', 'peptide', 'modified_peptide', 'peptide_observed_mz', 'peptide_calc_mz', 'delta_mass', 'retention', 'expectation', 'hyperscore', 'nextscore', 'probability', 'auc_intensity', 'protein']"
PXD025859,ShenJ_MouseBrain_C18_MAX_HILIC_IGP_CE20_33_Run2.ipc,14973,27,4386,3644,29.29,24.34,"['index', 'scan', 'header', 'rt', 'frag_type', 'collision_energy', 'precursor_mz', 'precursor_charge', 'precursor_intensity', 'lower_offset', 'upper_offset', 'isolation_target', 'mz', 'intensity', 'scale_factor', 'peptide', 'modified_peptide', 'peptide_observed_mz', 'peptide_calc_mz', 'delta_mass', 'retention', 'expectation', 'hyperscore', 'nextscore', 'probability', 'auc_intensity', 'protein']"
PXD025859,ShenJ_MouseBrain_C18_MAX_IGP_CE20_33_Run1.ipc,31793,27,13771,4686,43.31,14.74,"['index', 'scan', 'header', 'rt', 'frag_type', 'collision_energy', 'precursor_mz', 'precursor_charge', 'precursor_intensity', 'lower_offset', 'upper_offset', 'isolation_target', 'mz', 'intensity', 'scale_factor', 'peptide', 'modified_peptide', 'peptide_observed_mz', 'peptide_calc_mz', 'delta_mass', 'retention', 'expectation', 'hyperscore', 'nextscore', 'probability', 'auc_intensity', 'protein']"
PXD025859,ShenJ_FourStandardGlycoproteins_CutHexNAc_CE20_33_Run1.ipc,1662,27,661,606,39.77,36.46,"['index', 'scan', 'header', 'rt', 'frag_type', 'collision_energy', 'precursor_mz', 'precursor_charge', 'precursor_intensity', 'lower_offset', 'upper_offset', 'isolation_target', 'mz', 'intensity', 'scale_factor', 'peptide', 'modified_peptide', 'peptide_observed_mz', 'peptide_calc_mz', 'delta_mass', 'retention', 'expectation', 'hyperscore', 'nextscore', 'probability', 'auc_intensity', 'protein']"
PXD025859,ShenJ_MouseBrain_HLB_HILIC_MAX_IGP_CE20_33_Run3.ipc,32372,27,14876,5992,45.95,18.51,"['index', 'scan', 'header', 'rt', 'frag_type', 'collision_energy', 'precursor_mz', 'precursor_charge', 'precursor_intensity', 'lower_offset', 'upper_offset', 'isolation_target', 'mz', 'intensity', 'scale_factor', 'peptide', 'modified_peptide', 'peptide_observed_mz', 'peptide_calc_mz', 'delta_mass', 'retention', 'expectation', 'hyperscore', 'nextscore', 'probability', 'auc_intensity', 'protein']"
PXD025859,ShenJ_MouseBrain_C18_HILIC_MAX_IGP_CE20_33_Run2.ipc,33366,27,15857,5798,47.52,17.38,"['index', 'scan', 'header', 'rt', 'frag_type', 'collision_energy', 'precursor_mz', 'precursor_charge', 'precursor_intensity', 'lower_offset', 'upper_offset', 'isolation_target', 'mz', 'intensity', 'scale_factor', 'peptide', 'modified_peptide', 'peptide_observed_mz', 'peptide_calc_mz', 'delta_mass', 'retention', 'expectation', 'hyperscore', 'nextscore', 'probability', 'auc_intensity', 'protein']"
PXD025859,ShenJ_MouseBrain_MAX_IGP_130min_Run3.ipc,21639,27,8862,2851,40.95,13.18,"['index', 'scan', 'header', 'rt', 'frag_type', 'collision_energy', 'precursor_mz', 'precursor_charge', 'precursor_intensity', 'lower_offset', 'upper_offset', 'isolation_target', 'mz', 'intensity', 'scale_factor', 'peptide', 'modified_peptide', 'peptide_observed_mz', 'peptide_calc_mz', 'delta_mass', 'retention', 'expectation', 'hyperscore', 'nextscore', 'probability', 'auc_intensity', 'protein']"
PXD025859,ShenJ_MouseBrain_HLB_MAX_HILIC_IGP_CE20_33_Run2.ipc,17251,27,5130,4611,29.74,26.73,"['index', 'scan', 'header', 'rt', 'frag_type', 'collision_energy', 'precursor_mz', 'precursor_charge', 'precursor_intensity', 'lower_offset', 'upper_offset', 'isolation_target', 'mz', 'intensity', 'scale_factor', 'peptide', 'modified_peptide', 'peptide_observed_mz', 'peptide_calc_mz', 'delta_mass', 'retention', 'expectation', 'hyperscore', 'nextscore', 'probability', 'auc_intensity', 'protein']"
PXD025859,ShenJ_MouseBrain_C18_HILIC_MAX_IGP_CE20_33_Run1.ipc,28315,27,13349,5935,47.14,20.96,"['index', 'scan', 'header', 'rt', 'frag_type', 'collision_energy', 'precursor_mz', 'precursor_charge', 'precursor_intensity', 'lower_offset', 'upper_offset', 'isolation_target', 'mz', 'intensity', 'scale_factor', 'peptide', 'modified_peptide', 'peptide_observed_mz', 'peptide_calc_mz', 'delta_mass', 'retention', 'expectation', 'hyperscore', 'nextscore', 'probability', 'auc_intensity', 'protein']"
PXD025859,ShenJ_MouseBrain_MAX_IGP_130min_Run1.ipc,20282,27,8284,2643,40.84,13.03,"['index', 'scan', 'header', 'rt', 'frag_type', 'collision_energy', 'precursor_mz', 'precursor_charge', 'precursor_intensity', 'lower_offset', 'upper_offset', 'isolation_target', 'mz', 'intensity', 'scale_factor', 'peptide', 'modified_peptide', 'peptide_observed_mz', 'peptide_calc_mz', 'delta_mass', 'retention', 'expectation', 'hyperscore', 'nextscore', 'probability', 'auc_intensity', 'protein']"
PXD025859,ShenJ_FourStandardGlycoproteins_CE20_33_Run3.ipc,2254,27,884,680,39.22,30.17,"['index', 'scan', 'header', 'rt', 'frag_type', 'collision_energy', 'precursor_mz', 'precursor_charge', 'precursor_intensity', 'lower_offset', 'upper_offset', 'isolation_target', 'mz', 'intensity', 'scale_factor', 'peptide', 'modified_peptide', 'peptide_observed_mz', 'peptide_calc_mz', 'delta_mass', 'retention', 'expectation', 'hyperscore', 'nextscore', 'probability', 'auc_intensity', 'protein']"
PXD025859,ShenJ_FourStandardGlycoproteins_CutGal_CutHexNAc_CE20_33_Run1.ipc,1344,27,266,410,19.79,30.51,"['index', 'scan', 'header', 'rt', 'frag_type', 'collision_energy', 'precursor_mz', 'precursor_charge', 'precursor_intensity', 'lower_offset', 'upper_offset', 'isolation_target', 'mz', 'intensity', 'scale_factor', 'peptide', 'modified_peptide', 'peptide_observed_mz', 'peptide_calc_mz', 'delta_mass', 'retention', 'expectation', 'hyperscore', 'nextscore', 'probability', 'auc_intensity', 'protein']"
PXD025859,ShenJ_MouseBrain_C18_HILIC_MAX_IGP_CE20_33_Run3.ipc,32890,27,15782,5698,47.98,17.32,"['index', 'scan', 'header', 'rt', 'frag_type', 'collision_energy', 'precursor_mz', 'precursor_charge', 'precursor_intensity', 'lower_offset', 'upper_offset', 'isolation_target', 'mz', 'intensity', 'scale_factor', 'peptide', 'modified_peptide', 'peptide_observed_mz', 'peptide_calc_mz', 'delta_mass', 'retention', 'expectation', 'hyperscore', 'nextscore', 'probability', 'auc_intensity', 'protein']"
PXD025859,ShenJ_MouseBrain_IGP_DeSialyl_130min_Run3.ipc,11903,27,4734,2291,39.77,19.25,"['index', 'scan', 'header', 'rt', 'frag_type', 'collision_energy', 'precursor_mz', 'precursor_charge', 'precursor_intensity', 'lower_offset', 'upper_offset', 'isolation_target', 'mz', 'intensity', 'scale_factor', 'peptide', 'modified_peptide', 'peptide_observed_mz', 'peptide_calc_mz', 'delta_mass', 'retention', 'expectation', 'hyperscore', 'nextscore', 'probability', 'auc_intensity', 'protein']"
PXD025859,ShenJ_MouseBrain_C18_HILIC_IGP_CE20_33_Run1.ipc,24069,27,7594,4595,31.55,19.09,"['index', 'scan', 'header', 'rt', 'frag_type', 'collision_energy', 'precursor_mz', 'precursor_charge', 'precursor_intensity', 'lower_offset', 'upper_offset', 'isolation_target', 'mz', 'intensity', 'scale_factor', 'peptide', 'modified_peptide', 'peptide_observed_mz', 'peptide_calc_mz', 'delta_mass', 'retention', 'expectation', 'hyperscore', 'nextscore', 'probability', 'auc_intensity', 'protein']"
PXD025859,ShenJ_Drosophila_C18_MAX_IGP_CE20_33_Run2.ipc,6960,27,3042,6960,43.71,100.0,"['index', 'scan', 'header', 'rt', 'frag_type', 'collision_energy', 'precursor_mz', 'precursor_charge', 'precursor_intensity', 'lower_offset', 'upper_offset', 'isolation_target', 'mz', 'intensity', 'scale_factor', 'peptide', 'modified_peptide', 'peptide_observed_mz', 'peptide_calc_mz', 'delta_mass', 'retention', 'expectation', 'hyperscore', 'nextscore', 'probability', 'auc_intensity', 'protein']"
PXD025859,ShenJ_MouseBrain_HLB_HILIC_MAX_IGP_CE20_33_Run2.ipc,34243,27,16045,5914,46.86,17.27,"['index', 'scan', 'header', 'rt', 'frag_type', 'collision_energy', 'precursor_mz', 'precursor_charge', 'precursor_intensity', 'lower_offset', 'upper_offset', 'isolation_target', 'mz', 'intensity', 'scale_factor', 'peptide', 'modified_peptide', 'peptide_observed_mz', 'peptide_calc_mz', 'delta_mass', 'retention', 'expectation', 'hyperscore', 'nextscore', 'probability', 'auc_intensity', 'protein']"
PXD025859,ShenJ_MouseBrain_HLB_HILIC_IGP_CE20_33_Run3.ipc,20465,27,4953,3237,24.2,15.82,"['index', 'scan', 'header', 'rt', 'frag_type', 'collision_energy', 'precursor_mz', 'precursor_charge', 'precursor_intensity', 'lower_offset', 'upper_offset', 'isolation_target', 'mz', 'intensity', 'scale_factor', 'peptide', 'modified_peptide', 'peptide_observed_mz', 'peptide_calc_mz', 'delta_mass', 'retention', 'expectation', 'hyperscore', 'nextscore', 'probability', 'auc_intensity', 'protein']"
PXD025859,ShenJ_MouseBrain_IGP_DeSialyl_130min_Run2.ipc,11921,27,4709,2165,39.5,18.16,"['index', 'scan', 'header', 'rt', 'frag_type', 'collision_energy', 'precursor_mz', 'precursor_charge', 'precursor_intensity', 'lower_offset', 'upper_offset', 'isolation_target', 'mz', 'intensity', 'scale_factor', 'peptide', 'modified_peptide', 'peptide_observed_mz', 'peptide_calc_mz', 'delta_mass', 'retention', 'expectation', 'hyperscore', 'nextscore', 'probability', 'auc_intensity', 'protein']"
PXD025859,ShenJ_FourStandardGlycoproteins_DeSialy_CE20_33_Run2.ipc,1596,27,667,476,41.79,29.82,"['index', 'scan', 'header', 'rt', 'frag_type', 'collision_energy', 'precursor_mz', 'precursor_charge', 'precursor_intensity', 'lower_offset', 'upper_offset', 'isolation_target', 'mz', 'intensity', 'scale_factor', 'peptide', 'modified_peptide', 'peptide_observed_mz', 'peptide_calc_mz', 'delta_mass', 'retention', 'expectation', 'hyperscore', 'nextscore', 'probability', 'auc_intensity', 'protein']"
PXD025859,ShenJ_Drosophila_C18_MAX_IGP_CE20_33_Run1.ipc,3941,27,872,3941,22.13,100.0,"['index', 'scan', 'header', 'rt', 'frag_type', 'collision_energy', 'precursor_mz', 'precursor_charge', 'precursor_intensity', 'lower_offset', 'upper_offset', 'isolation_target', 'mz', 'intensity', 'scale_factor', 'peptide', 'modified_peptide', 'peptide_observed_mz', 'peptide_calc_mz', 'delta_mass', 'retention', 'expectation', 'hyperscore', 'nextscore', 'probability', 'auc_intensity', 'protein']"
PXD025859,ShenJ_MouseBrain_HLB_MAX_HILIC_IGP_CE20_33_Run3.ipc,14855,27,4549,4083,30.62,27.49,"['index', 'scan', 'header', 'rt', 'frag_type', 'collision_energy', 'precursor_mz', 'precursor_charge', 'precursor_intensity', 'lower_offset', 'upper_offset', 'isolation_target', 'mz', 'intensity', 'scale_factor', 'peptide', 'modified_peptide', 'peptide_observed_mz', 'peptide_calc_mz', 'delta_mass', 'retention', 'expectation', 'hyperscore', 'nextscore', 'probability', 'auc_intensity', 'protein']"
PXD025859,ShenJ_MouseBrain_C18_MAX_IGP_CE20_33_Run2.ipc,32099,27,13964,4787,43.5,14.91,"['index', 'scan', 'header', 'rt', 'frag_type', 'collision_energy', 'precursor_mz', 'precursor_charge', 'precursor_intensity', 'lower_offset', 'upper_offset', 'isolation_target', 'mz', 'intensity', 'scale_factor', 'peptide', 'modified_peptide', 'peptide_observed_mz', 'peptide_calc_mz', 'delta_mass', 'retention', 'expectation', 'hyperscore', 'nextscore', 'probability', 'auc_intensity', 'protein']"
PXD025859,ShenJ_MouseBrain_C18_MAX_HILIC_IGP_CE20_33_Run1.ipc,15916,27,4610,3843,28.96,24.15,"['index', 'scan', 'header', 'rt', 'frag_type', 'collision_energy', 'precursor_mz', 'precursor_charge', 'precursor_intensity', 'lower_offset', 'upper_offset', 'isolation_target', 'mz', 'intensity', 'scale_factor', 'peptide', 'modified_peptide', 'peptide_observed_mz', 'peptide_calc_mz', 'delta_mass', 'retention', 'expectation', 'hyperscore', 'nextscore', 'probability', 'auc_intensity', 'protein']"
PXD025859,ShenJ_MouseBrain_C18_HILIC_IGP_CE20_33_Run2.ipc,22142,27,7215,4208,32.59,19.0,"['index', 'scan', 'header', 'rt', 'frag_type', 'collision_energy', 'precursor_mz', 'precursor_charge', 'precursor_intensity', 'lower_offset', 'upper_offset', 'isolation_target', 'mz', 'intensity', 'scale_factor', 'peptide', 'modified_peptide', 'peptide_observed_mz', 'peptide_calc_mz', 'delta_mass', 'retention', 'expectation', 'hyperscore', 'nextscore', 'probability', 'auc_intensity', 'protein']"
PXD025859,ShenJ_MouseBrain_C18_HILIC_IGP_CE20_33_Run3.ipc,22475,27,7694,4476,34.23,19.92,"['index', 'scan', 'header', 'rt', 'frag_type', 'collision_energy', 'precursor_mz', 'precursor_charge', 'precursor_intensity', 'lower_offset', 'upper_offset', 'isolation_target', 'mz', 'intensity', 'scale_factor', 'peptide', 'modified_peptide', 'peptide_observed_mz', 'peptide_calc_mz', 'delta_mass', 'retention', 'expectation', 'hyperscore', 'nextscore', 'probability', 'auc_intensity', 'protein']"
PXD025859,ShenJ_MouseBrain_HLB_MAX_IGP_CE20_33_Run1.ipc,31754,27,13425,4288,42.28,13.5,"['index', 'scan', 'header', 'rt', 'frag_type', 'collision_energy', 'precursor_mz', 'precursor_charge', 'precursor_intensity', 'lower_offset', 'upper_offset', 'isolation_target', 'mz', 'intensity', 'scale_factor', 'peptide', 'modified_peptide', 'peptide_observed_mz', 'peptide_calc_mz', 'delta_mass', 'retention', 'expectation', 'hyperscore', 'nextscore', 'probability', 'auc_intensity', 'protein']"
PXD025859,ShenJ_MouseBrain_IGP_CutHexNAc_130min_Run3.ipc,11804,27,5267,3578,44.62,30.31,"['index', 'scan', 'header', 'rt', 'frag_type', 'collision_energy', 'precursor_mz', 'precursor_charge', 'precursor_intensity', 'lower_offset', 'upper_offset', 'isolation_target', 'mz', 'intensity', 'scale_factor', 'peptide', 'modified_peptide', 'peptide_observed_mz', 'peptide_calc_mz', 'delta_mass', 'retention', 'expectation', 'hyperscore', 'nextscore', 'probability', 'auc_intensity', 'protein']"
PXD025859,ShenJ_MouseBrain_HLB_MAX_HILIC_IGP_CE20_33_Run1.ipc,17467,27,5071,4535,29.03,25.96,"['index', 'scan', 'header', 'rt', 'frag_type', 'collision_energy', 'precursor_mz', 'precursor_charge', 'precursor_intensity', 'lower_offset', 'upper_offset', 'isolation_target', 'mz', 'intensity', 'scale_factor', 'peptide', 'modified_peptide', 'peptide_observed_mz', 'peptide_calc_mz', 'delta_mass', 'retention', 'expectation', 'hyperscore', 'nextscore', 'probability', 'auc_intensity', 'protein']"
PXD025859,ShenJ_MouseBrain_IGP_CutFucose_130min_Run2.ipc,5276,27,2477,2351,46.95,44.56,"['index', 'scan', 'header', 'rt', 'frag_type', 'collision_energy', 'precursor_mz', 'precursor_charge', 'precursor_intensity', 'lower_offset', 'upper_offset', 'isolation_target', 'mz', 'intensity', 'scale_factor', 'peptide', 'modified_peptide', 'peptide_observed_mz', 'peptide_calc_mz', 'delta_mass', 'retention', 'expectation', 'hyperscore', 'nextscore', 'probability', 'auc_intensity', 'protein']"
PXD025859,ShenJ_MouseBrain_MAX_IGP_130min_Run2.ipc,21391,27,8725,2791,40.79,13.05,"['index', 'scan', 'header', 'rt', 'frag_type', 'collision_energy', 'precursor_mz', 'precursor_charge', 'precursor_intensity', 'lower_offset', 'upper_offset', 'isolation_target', 'mz', 'intensity', 'scale_factor', 'peptide', 'modified_peptide', 'peptide_observed_mz', 'peptide_calc_mz', 'delta_mass', 'retention', 'expectation', 'hyperscore', 'nextscore', 'probability', 'auc_intensity', 'protein']"
PXD025859,ShenJ_FourStandardGlycoproteins_DeSialy_CE20_33_Run3.ipc,1321,27,588,418,44.51,31.64,"['index', 'scan', 'header', 'rt', 'frag_type', 'collision_energy', 'precursor_mz', 'precursor_charge', 'precursor_intensity', 'lower_offset', 'upper_offset', 'isolation_target', 'mz', 'intensity', 'scale_factor', 'peptide', 'modified_peptide', 'peptide_observed_mz', 'peptide_calc_mz', 'delta_mass', 'retention', 'expectation', 'hyperscore', 'nextscore', 'probability', 'auc_intensity', 'protein']"
PXD025859,ShenJ_FourStandardGlycoproteins_CutFucose_CE20_33_Run2.ipc,1675,27,723,622,43.16,37.13,"['index', 'scan', 'header', 'rt', 'frag_type', 'collision_energy', 'precursor_mz', 'precursor_charge', 'precursor_intensity', 'lower_offset', 'upper_offset', 'isolation_target', 'mz', 'intensity', 'scale_factor', 'peptide', 'modified_peptide', 'peptide_observed_mz', 'peptide_calc_mz', 'delta_mass', 'retention', 'expectation', 'hyperscore', 'nextscore', 'probability', 'auc_intensity', 'protein']"
PXD025859,ShenJ_FourStandardGlycoproteins_CutHexNAc_CE20_33_Run2.ipc,1610,27,686,596,42.61,37.02,"['index', 'scan', 'header', 'rt', 'frag_type', 'collision_energy', 'precursor_mz', 'precursor_charge', 'precursor_intensity', 'lower_offset', 'upper_offset', 'isolation_target', 'mz', 'intensity', 'scale_factor', 'peptide', 'modified_peptide', 'peptide_observed_mz', 'peptide_calc_mz', 'delta_mass', 'retention', 'expectation', 'hyperscore', 'nextscore', 'probability', 'auc_intensity', 'protein']"
PXD025859,ShenJ_MouseBrain_C18_MAX_HILIC_IGP_CE20_33_Run3.ipc,16239,27,4668,3863,28.75,23.79,"['index', 'scan', 'header', 'rt', 'frag_type', 'collision_energy', 'precursor_mz', 'precursor_charge', 'precursor_intensity', 'lower_offset', 'upper_offset', 'isolation_target', 'mz', 'intensity', 'scale_factor', 'peptide', 'modified_peptide', 'peptide_observed_mz', 'peptide_calc_mz', 'delta_mass', 'retention', 'expectation', 'hyperscore', 'nextscore', 'probability', 'auc_intensity', 'protein']"
PXD025859,ShenJ_Drosophila_C18_MAX_IGP_CE20_33_Run3.ipc,6673,27,3104,6673,46.52,100.0,"['index', 'scan', 'header', 'rt', 'frag_type', 'collision_energy', 'precursor_mz', 'precursor_charge', 'precursor_intensity', 'lower_offset', 'upper_offset', 'isolation_target', 'mz', 'intensity', 'scale_factor', 'peptide', 'modified_peptide', 'peptide_observed_mz', 'peptide_calc_mz', 'delta_mass', 'retention', 'expectation', 'hyperscore', 'nextscore', 'probability', 'auc_intensity', 'protein']"
PXD025859,ShenJ_FourStandardGlycoproteins_CE20_33_Run1.ipc,2406,27,974,793,40.48,32.96,"['index', 'scan', 'header', 'rt', 'frag_type', 'collision_energy', 'precursor_mz', 'precursor_charge', 'precursor_intensity', 'lower_offset', 'upper_offset', 'isolation_target', 'mz', 'intensity', 'scale_factor', 'peptide', 'modified_peptide', 'peptide_observed_mz', 'peptide_calc_mz', 'delta_mass', 'retention', 'expectation', 'hyperscore', 'nextscore', 'probability', 'auc_intensity', 'protein']"
PXD025859,ShenJ_FourStandardGlycoproteins_CutFucose_CE20_33_Run3.ipc,1701,27,692,657,40.68,38.62,"['index', 'scan', 'header', 'rt', 'frag_type', 'collision_energy', 'precursor_mz', 'precursor_charge', 'precursor_intensity', 'lower_offset', 'upper_offset', 'isolation_target', 'mz', 'intensity', 'scale_factor', 'peptide', 'modified_peptide', 'peptide_observed_mz', 'peptide_calc_mz', 'delta_mass', 'retention', 'expectation', 'hyperscore', 'nextscore', 'probability', 'auc_intensity', 'protein']"
PXD025859,ShenJ_FourStandardGlycoproteins_CutHexNAc_CE20_33_Run3.ipc,1564,27,665,546,42.52,34.91,"['index', 'scan', 'header', 'rt', 'frag_type', 'collision_energy', 'precursor_mz', 'precursor_charge', 'precursor_intensity', 'lower_offset', 'upper_offset', 'isolation_target', 'mz', 'intensity', 'scale_factor', 'peptide', 'modified_peptide', 'peptide_observed_mz', 'peptide_calc_mz', 'delta_mass', 'retention', 'expectation', 'hyperscore', 'nextscore', 'probability', 'auc_intensity', 'protein']"
PXD025859,ShenJ_MouseBrain_C18_MAX_IGP_CE20_33_Run3.ipc,32299,27,13845,4697,42.87,14.54,"['index', 'scan', 'header', 'rt', 'frag_type', 'collision_energy', 'precursor_mz', 'precursor_charge', 'precursor_intensity', 'lower_offset', 'upper_offset', 'isolation_target', 'mz', 'intensity', 'scale_factor', 'peptide', 'modified_peptide', 'peptide_observed_mz', 'peptide_calc_mz', 'delta_mass', 'retention', 'expectation', 'hyperscore', 'nextscore', 'probability', 'auc_intensity', 'protein']"
PXD025859,ShenJ_FourStandardGlycoproteins_CE20_33_Run2.ipc,2252,27,916,680,40.67,30.2,"['index', 'scan', 'header', 'rt', 'frag_type', 'collision_energy', 'precursor_mz', 'precursor_charge', 'precursor_intensity', 'lower_offset', 'upper_offset', 'isolation_target', 'mz', 'intensity', 'scale_factor', 'peptide', 'modified_peptide', 'peptide_observed_mz', 'peptide_calc_mz', 'delta_mass', 'retention', 'expectation', 'hyperscore', 'nextscore', 'probability', 'auc_intensity', 'protein']"
PXD025859,ShenJ_MouseBrain_HLB_MAX_IGP_CE20_33_Run2.ipc,32006,27,13573,4377,42.41,13.68,"['index', 'scan', 'header', 'rt', 'frag_type', 'collision_energy', 'precursor_mz', 'precursor_charge', 'precursor_intensity', 'lower_offset', 'upper_offset', 'isolation_target', 'mz', 'intensity', 'scale_factor', 'peptide', 'modified_peptide', 'peptide_observed_mz', 'peptide_calc_mz', 'delta_mass', 'retention', 'expectation', 'hyperscore', 'nextscore', 'probability', 'auc_intensity', 'protein']"
PXD025859,ShenJ_MouseBrain_HLB_HILIC_IGP_CE20_33_Run1.ipc,20317,27,5045,3269,24.83,16.09,"['index', 'scan', 'header', 'rt', 'frag_type', 'collision_energy', 'precursor_mz', 'precursor_charge', 'precursor_intensity', 'lower_offset', 'upper_offset', 'isolation_target', 'mz', 'intensity', 'scale_factor', 'peptide', 'modified_peptide', 'peptide_observed_mz', 'peptide_calc_mz', 'delta_mass', 'retention', 'expectation', 'hyperscore', 'nextscore', 'probability', 'auc_intensity', 'protein']"
PXD025859,ShenJ_MouseBrain_IGP_DeSialyl_130min_Run1.ipc,12478,27,5170,2192,41.43,17.57,"['index', 'scan', 'header', 'rt', 'frag_type', 'collision_energy', 'precursor_mz', 'precursor_charge', 'precursor_intensity', 'lower_offset', 'upper_offset', 'isolation_target', 'mz', 'intensity', 'scale_factor', 'peptide', 'modified_peptide', 'peptide_observed_mz', 'peptide_calc_mz', 'delta_mass', 'retention', 'expectation', 'hyperscore', 'nextscore', 'probability', 'auc_intensity', 'protein']"
PXD025859,ShenJ_MouseBrain_IGP_CutHexNAc_130min_Run2.ipc,11742,27,5304,3730,45.17,31.77,"['index', 'scan', 'header', 'rt', 'frag_type', 'collision_energy', 'precursor_mz', 'precursor_charge', 'precursor_intensity', 'lower_offset', 'upper_offset', 'isolation_target', 'mz', 'intensity', 'scale_factor', 'peptide', 'modified_peptide', 'peptide_observed_mz', 'peptide_calc_mz', 'delta_mass', 'retention', 'expectation', 'hyperscore', 'nextscore', 'probability', 'auc_intensity', 'protein']"
PXD025859,ShenJ_MouseBrain_IGP_CutHexNAc_130min_Run1.ipc,12906,27,5774,3933,44.74,30.47,"['index', 'scan', 'header', 'rt', 'frag_type', 'collision_energy', 'precursor_mz', 'precursor_charge', 'precursor_intensity', 'lower_offset', 'upper_offset', 'isolation_target', 'mz', 'intensity', 'scale_factor', 'peptide', 'modified_peptide', 'peptide_observed_mz', 'peptide_calc_mz', 'delta_mass', 'retention', 'expectation', 'hyperscore', 'nextscore', 'probability', 'auc_intensity', 'protein']"
PXD025859,ShenJ_MouseBrain_IGP_CutFucose_130min_Run1.ipc,4346,27,1942,2072,44.68,47.68,"['index', 'scan', 'header', 'rt', 'frag_type', 'collision_energy', 'precursor_mz', 'precursor_charge', 'precursor_intensity', 'lower_offset', 'upper_offset', 'isolation_target', 'mz', 'intensity', 'scale_factor', 'peptide', 'modified_peptide', 'peptide_observed_mz', 'peptide_calc_mz', 'delta_mass', 'retention', 'expectation', 'hyperscore', 'nextscore', 'probability', 'auc_intensity', 'protein']"
PXD025859,ShenJ_MouseBrain_HLB_HILIC_IGP_CE20_33_Run2.ipc,19253,27,5091,3229,26.44,16.77,"['index', 'scan', 'header', 'rt', 'frag_type', 'collision_energy', 'precursor_mz', 'precursor_charge', 'precursor_intensity', 'lower_offset', 'upper_offset', 'isolation_target', 'mz', 'intensity', 'scale_factor', 'peptide', 'modified_peptide', 'peptide_observed_mz', 'peptide_calc_mz', 'delta_mass', 'retention', 'expectation', 'hyperscore', 'nextscore', 'probability', 'auc_intensity', 'protein']"
PXD035158,Fut8_WT_max_IGP_mousebrain_2.mzML.ipc,23903,26,10269,3122,42.96,13.06,"['index', 'scan', 'header', 'rt', 'frag_type', 'collision_energy', 'precursor_mz', 'precursor_charge', 'precursor_intensity', 'lower_offset', 'upper_offset', 'isolation_target', 'mz', 'intensity', 'scale_factor', 'peptide', 'modified_peptide', 'peptide_observed_mz', 'peptide_calc_mz', 'delta_mass', 'expectation', 'hyperscore', 'nextscore', 'probability', 'auc_intensity', 'protein']"
PXD035158,Fut8_WT_max_IGP_mousebrain_1.mzML.ipc,24254,26,10293,3198,42.44,13.19,"['index', 'scan', 'header', 'rt', 'frag_type', 'collision_energy', 'precursor_mz', 'precursor_charge', 'precursor_intensity', 'lower_offset', 'upper_offset', 'isolation_target', 'mz', 'intensity', 'scale_factor', 'peptide', 'modified_peptide', 'peptide_observed_mz', 'peptide_calc_mz', 'delta_mass', 'expectation', 'hyperscore', 'nextscore', 'probability', 'auc_intensity', 'protein']"
PXD035158,LD_N39_serum_IGP_1.mzML.ipc,17226,26,2195,1918,12.74,11.13,"['index', 'scan', 'header', 'rt', 'frag_type', 'collision_energy', 'precursor_mz', 'precursor_charge', 'precursor_intensity', 'lower_offset', 'upper_offset', 'isolation_target', 'mz', 'intensity', 'scale_factor', 'peptide', 'modified_peptide', 'peptide_observed_mz', 'peptide_calc_mz', 'delta_mass', 'expectation', 'hyperscore', 'nextscore', 'probability', 'auc_intensity', 'protein']"
PXD035158,Fut8_KO_max_IGP_mousebrain_2.mzML.ipc,20841,26,8378,3253,40.2,15.61,"['index', 'scan', 'header', 'rt', 'frag_type', 'collision_energy', 'precursor_mz', 'precursor_charge', 'precursor_intensity', 'lower_offset', 'upper_offset', 'isolation_target', 'mz', 'intensity', 'scale_factor', 'peptide', 'modified_peptide', 'peptide_observed_mz', 'peptide_calc_mz', 'delta_mass', 'expectation', 'hyperscore', 'nextscore', 'probability', 'auc_intensity', 'protein']"
PXD035158,ZHU_IGP_mousebrain_15_20_33_4h.mzML.ipc,44660,26,27671,8883,61.96,19.89,"['index', 'scan', 'header', 'rt', 'frag_type', 'collision_energy', 'precursor_mz', 'precursor_charge', 'precursor_intensity', 'lower_offset', 'upper_offset', 'isolation_target', 'mz', 'intensity', 'scale_factor', 'peptide', 'modified_peptide', 'peptide_observed_mz', 'peptide_calc_mz', 'delta_mass', 'expectation', 'hyperscore', 'nextscore', 'probability', 'auc_intensity', 'protein']"
PXD035158,LD_N42_serum_IGP_1.mzML.ipc,13763,26,1574,1590,11.44,11.55,"['index', 'scan', 'header', 'rt', 'frag_type', 'collision_energy', 'precursor_mz', 'precursor_charge', 'precursor_intensity', 'lower_offset', 'upper_offset', 'isolation_target', 'mz', 'intensity', 'scale_factor', 'peptide', 'modified_peptide', 'peptide_observed_mz', 'peptide_calc_mz', 'delta_mass', 'expectation', 'hyperscore', 'nextscore', 'probability', 'auc_intensity', 'protein']"
PXD035158,Fut8_KO_max_IGP_mousebrain_3.mzML.ipc,24391,26,8729,3309,35.79,13.57,"['index', 'scan', 'header', 'rt', 'frag_type', 'collision_energy', 'precursor_mz', 'precursor_charge', 'precursor_intensity', 'lower_offset', 'upper_offset', 'isolation_target', 'mz', 'intensity', 'scale_factor', 'peptide', 'modified_peptide', 'peptide_observed_mz', 'peptide_calc_mz', 'delta_mass', 'expectation', 'hyperscore', 'nextscore', 'probability', 'auc_intensity', 'protein']"
PXD035158,Human_IGP_IgG_2.mzML.ipc,9756,26,4701,3020,48.19,30.96,"['index', 'scan', 'header', 'rt', 'frag_type', 'collision_energy', 'precursor_mz', 'precursor_charge', 'precursor_intensity', 'lower_offset', 'upper_offset', 'isolation_target', 'mz', 'intensity', 'scale_factor', 'peptide', 'modified_peptide', 'peptide_observed_mz', 'peptide_calc_mz', 'delta_mass', 'expectation', 'hyperscore', 'nextscore', 'probability', 'auc_intensity', 'protein']"
PXD035158,LD_N39_serum_IGP_2.mzML.ipc,15724,26,2026,1785,12.88,11.35,"['index', 'scan', 'header', 'rt', 'frag_type', 'collision_energy', 'precursor_mz', 'precursor_charge', 'precursor_intensity', 'lower_offset', 'upper_offset', 'isolation_target', 'mz', 'intensity', 'scale_factor', 'peptide', 'modified_peptide', 'peptide_observed_mz', 'peptide_calc_mz', 'delta_mass', 'expectation', 'hyperscore', 'nextscore', 'probability', 'auc_intensity', 'protein']"
PXD035158,Human_IGP_IgG_3.mzML.ipc,10885,26,5482,3388,50.36,31.13,"['index', 'scan', 'header', 'rt', 'frag_type', 'collision_energy', 'precursor_mz', 'precursor_charge', 'precursor_intensity', 'lower_offset', 'upper_offset', 'isolation_target', 'mz', 'intensity', 'scale_factor', 'peptide', 'modified_peptide', 'peptide_observed_mz', 'peptide_calc_mz', 'delta_mass', 'expectation', 'hyperscore', 'nextscore', 'probability', 'auc_intensity', 'protein']"
PXD035158,Fut8_KO_max_IGP_mousebrain_1.mzML.ipc,24600,26,8662,3159,35.21,12.84,"['index', 'scan', 'header', 'rt', 'frag_type', 'collision_energy', 'precursor_mz', 'precursor_charge', 'precursor_intensity', 'lower_offset', 'upper_offset', 'isolation_target', 'mz', 'intensity', 'scale_factor', 'peptide', 'modified_peptide', 'peptide_observed_mz', 'peptide_calc_mz', 'delta_mass', 'expectation', 'hyperscore', 'nextscore', 'probability', 'auc_intensity', 'protein']"
PXD035158,Human_IGP_IgG_1.mzML.ipc,9364,26,4384,2885,46.82,30.81,"['index', 'scan', 'header', 'rt', 'frag_type', 'collision_energy', 'precursor_mz', 'precursor_charge', 'precursor_intensity', 'lower_offset', 'upper_offset', 'isolation_target', 'mz', 'intensity', 'scale_factor', 'peptide', 'modified_peptide', 'peptide_observed_mz', 'peptide_calc_mz', 'delta_mass', 'expectation', 'hyperscore', 'nextscore', 'probability', 'auc_intensity', 'protein']"
PXD035158,LD_N41_serum_IGP_2.mzML.ipc,17415,26,2129,2002,12.23,11.5,"['index', 'scan', 'header', 'rt', 'frag_type', 'collision_energy', 'precursor_mz', 'precursor_charge', 'precursor_intensity', 'lower_offset', 'upper_offset', 'isolation_target', 'mz', 'intensity', 'scale_factor', 'peptide', 'modified_peptide', 'peptide_observed_mz', 'peptide_calc_mz', 'delta_mass', 'expectation', 'hyperscore', 'nextscore', 'probability', 'auc_intensity', 'protein']"
PXD035158,Fut8_WT_max_IGP_mousebrain_3.mzML.ipc,23615,26,9881,3194,41.84,13.53,"['index', 'scan', 'header', 'rt', 'frag_type', 'collision_energy', 'precursor_mz', 'precursor_charge', 'precursor_intensity', 'lower_offset', 'upper_offset', 'isolation_target', 'mz', 'intensity', 'scale_factor', 'peptide', 'modified_peptide', 'peptide_observed_mz', 'peptide_calc_mz', 'delta_mass', 'expectation', 'hyperscore', 'nextscore', 'probability', 'auc_intensity', 'protein']"
PXD035158,LD_N42_serum_IGP_2.mzML.ipc,14061,26,1787,1800,12.71,12.8,"['index', 'scan', 'header', 'rt', 'frag_type', 'collision_energy', 'precursor_mz', 'precursor_charge', 'precursor_intensity', 'lower_offset', 'upper_offset', 'isolation_target', 'mz', 'intensity', 'scale_factor', 'peptide', 'modified_peptide', 'peptide_observed_mz', 'peptide_calc_mz', 'delta_mass', 'expectation', 'hyperscore', 'nextscore', 'probability', 'auc_intensity', 'protein']"
PXD035158,LD_N41_serum_IGP_1.mzML.ipc,17817,26,1880,1884,10.55,10.57,"['index', 'scan', 'header', 'rt', 'frag_type', 'collision_energy', 'precursor_mz', 'precursor_charge', 'precursor_intensity', 'lower_offset', 'upper_offset', 'isolation_target', 'mz', 'intensity', 'scale_factor', 'peptide', 'modified_peptide', 'peptide_observed_mz', 'peptide_calc_mz', 'delta_mass', 'expectation', 'hyperscore', 'nextscore', 'probability', 'auc_intensity', 'protein']"
